it01	1.585	29/11/2016 15:10:47	Dico pugu lentamente	u	*	*	*	*	*	*	*	*	*	*	*	*	*	*	*	*	*	*	*	*	21.6379	6.5688	18.7692	6.5813	15.9263	7.2407	13.0353	7.9673	10.0627	9.0308	7.025	9.7463	3.9614	10.0702	0.8144	10.5222	-2.3495	10.6853	-5.71	11.3347	-9.0182	11.4074	-12.3364	11.2619	-15.4463	10.3795	-18.1268	8.4626	-20.3376	5.7076	-22.0792	2.3328	-23.3223	-1.5485	-24.4494	-5.2148	-24.7731	-9.68	-24.9898	-13.8327	-24.9846	-17.8605	-24.7132	-21.815	-24.9017	-24.944	-24.2791	-28.6098	-23.3382	-32.2405	-22.5788	-35.4094	-21.9149	-38.2516	-22.2	-40.2316	-22.7395	-41.9691	-23.3865	-43.6026	-24.1543	-45.1511	-24.9655	-46.6757
it01	1.0767	29/11/2016 15:10:52	Dico pada lentamente	a	51.7421	3.5255	*	*	*	*	*	*	*	*	*	*	34.1336	9.1587	31.1203	9.6846	28.0539	9.8511	25.0029	9.9078	21.9694	9.8521	18.9613	9.7327	15.9725	9.4195	13.0092	9.3762	10.0422	9.3821	7.0641	9.3481	4.27	7.8421	1.6201	6.0263	-0.856	3.912	-3.4245	2.6285	-6.0205	1.5929	-8.3495	-0.1489	-10.4597	-2.2575	-12.2991	-4.7449	-14.0968	-7.0406	-15.8738	-9.1634	-17.6856	-11.0669	-19.6099	-12.6932	-21.5137	-14.3033	-23.0865	-16.3169	-24.6605	-18.2503	-26.0671	-20.3117	-27.6592	-22.1165	-28.8616	-24.2699	-29.8819	-26.5185	-30.6654	-28.8862	-31.6631	-31.0072	-32.7953	-32.9925	-33.9957	-34.9169	-34.9622	-36.9749	-35.3207	-39.3338	-35.7782	-41.5777
it01	1.2635	29/11/2016 15:10:57	Dico poco lentamente	O	46.1138	-6.835	*	*	*	*	*	*	*	*	*	*	*	*	*	*	*	*	23.5032	-0.7102	21.0468	0.7123	18.5358	2.7542	15.8677	4.4749	13.0833	5.3735	10.2316	6.1318	7.3152	6.7923	4.4	6.9032	1.1928	8.4105	-2.1647	9.8472	-5.6569	11.1326	-8.903	11.0303	-12.2503	11.0156	-15.5269	10.5837	-18.3958	9.0723	-20.7694	6.5896	-21.7164	1.6607	-22.6453	-2.6916	-23.3522	-6.9104	-24.8762	-9.5337	-26.1272	-12.3481	-26.8149	-15.6584	-28.0569	-18.1024	-29.3457	-20.3874	-30.6459	-22.5801	-31.5096	-25.0952	-32.2959	-27.5709	-32.9883	-30.0224	-33.495	-32.5144	-33.8862	-34.9855	-34.7671	-37.0866	-36.6049	-38.6648	-38.037	-40.5127
it01	1.1634	29/11/2016 15:11:03	Dico pata lentamente	a	51.7401	3.5219	*	*	*	*	*	*	*	*	*	*	34.0713	8.9241	31.1321	9.7377	28.1165	10.1949	25.0759	10.4246	22.033	10.4825	19.0033	10.4204	15.9918	10.3298	12.9939	10.2058	10.0027	10.0596	7.0097	9.9022	4.2435	8.0335	1.6438	5.8937	-0.7473	3.4191	-3.4255	2.6323	-6.0222	1.5986	-8.4393	0.1081	-10.5745	-1.9665	-12.4898	-4.3127	-14.4716	-6.2749	-16.2244	-8.5141	-18.0477	-10.4555	-19.6896	-12.57	-21.5438	-14.2606	-23.348	-15.9756	-24.9646	-17.8844	-26.4567	-19.8791	-27.9996	-21.7675	-30.0105	-23.1819	-31.8615	-24.7875	-32.7068	-27.2394	-33.1118	-29.9307	-33.556	-32.4727	-34.4145	-34.6545	-35.0583	-36.9198	-35.9831	-38.9887	-37.0553	-40.9755
it01	1.2068	29/11/2016 15:11:14	Dico podo lentamente	O	52.1395	4.257	*	*	*	*	*	*	*	*	*	*	34.013	8.7043	31.0342	9.2993	28.0278	9.7079	25.0246	10.0612	22.0116	10.2702	18.9841	10.1062	15.9755	9.5633	13.0149	9.0691	10.152	7.4984	7.3976	5.9529	4.7815	4.1487	2.0267	3.7575	-0.7374	3.3743	-3.518	2.9848	-6.2179	2.2394	-8.8948	1.4118	-11.4873	0.3467	-13.8476	-1.2354	-16.0783	-2.993	-18.1807	-4.8897	-20.1833	-6.8492	-21.9861	-9.0213	-24.1136	-10.6154	-26.1732	-12.2882	-27.9921	-14.2421	-29.2529	-16.7745	-30.72	-18.9782	-32.0995	-21.2035	-32.8116	-23.9567	-32.8888	-27.0926	-33.177	-29.8822	-33.9963	-32.1719	-35.0616	-34.2491	-35.9182	-36.4275	-37.7111	-38.0885	-39.1258	-39.9993
it01	1.0404	29/11/2016 15:11:25	Dico paca lentamente	a	*	*	*	*	*	*	*	*	*	*	*	*	*	*	28.4255	-2.3824	26.1071	-0.8463	23.7918	1.3332	21.3736	3.9503	18.7086	5.5887	15.9219	7.0351	13.0368	7.8854	10.0731	8.8513	7.0483	9.5095	3.9381	10.2386	0.8608	10.2629	-2.5333	11.519	-6.0373	12.5815	-9.539	13.1125	-12.4719	11.6497	-14.9659	9.162	-17.1666	6.2866	-19.2881	3.5638	-21.577	1.4025	-23.388	-1.4375	-24.1593	-5.6632	-24.3692	-10.2529	-24.1095	-14.9817	-24.3779	-18.5904	-24.733	-21.7929	-25.8188	-24.0037	-27.2133	-25.831	-28.6989	-27.553	-29.8778	-29.5215	-30.7227	-31.7061	-31.3304	-33.9934	-31.9314	-36.2102	-32.6547	-38.296	-33.3069	-40.383	-34.11	-42.3642
it01	1.0817	29/11/2016 15:11:35	Dico pucu lentamente	u	*	*	*	*	*	*	*	*	*	*	*	*	*	*	*	*	*	*	*	*	*	*	*	*	15.8489	3.5883	13.1022	4.3521	10.29	5.1306	7.408	5.8471	4.4412	6.6061	1.3538	7.512	-1.9456	8.8535	-5.4214	10.2353	-8.8108	10.7286	-12.247	11.0062	-15.7416	11.1278	-18.8453	10.091	-21.3385	7.7522	-23.0998	4.2237	-24.0162	-0.3767	-24.5051	-5.1288	-25.0961	-9.2217	-26.0989	-12.3851	-27.8076	-14.4642	-29.4517	-16.5537	-29.8228	-19.8982	-28.9138	-24.2205	-26.8348	-29.183	-24.205	-34.0976	-22.6145	-37.7316	-21.5171	-40.6982	-21.4074	-42.8037	-21.4654	-44.7025	-21.6607	-46.4502	-21.8616	-48.1392
it01	1.2933	29/11/2016 15:11:40	Dico paga lentamente	a	47.0113	-5.1829	*	*	*	*	*	*	*	*	*	*	31.6237	-0.298	29.1773	0.984	26.6951	2.3846	24.198	4.2087	21.5847	6.041	18.819	7.3991	15.9684	9.2285	12.984	10.7373	9.9145	11.5742	6.8003	12.0334	3.6356	12.4228	0.4843	12.3643	-2.7062	12.3029	-5.8277	11.7831	-8.9772	11.2732	-11.9787	10.2383	-14.906	9.0102	-17.3418	6.6836	-19.7596	4.5271	-20.8036	-0.0304	-21.7051	-4.2793	-22.5504	-8.1493	-23.4579	-11.5455	-22.7008	-16.8203	-23.3388	-19.8404	-24.2292	-22.3523	-25.19	-24.6483	-26.0072	-26.9732	-27.1554	-28.9026	-27.7725	-31.2198	-28.3241	-33.4886	-28.7416	-35.7621	-29.4995	-37.7339	-30.2348	-39.6815	-30.977	-41.5967	-31.7918	-43.4572
it01	1.3689	29/11/2016 15:11:57	Dico putu lentamente	u	*	*	*	*	*	*	*	*	*	*	*	*	*	*	30.8417	8.4373	27.9488	9.2733	25.0287	10.0905	22.0755	10.9036	19.0628	11.3968	16.0206	11.6896	12.9632	11.8622	9.8891	12.0092	6.7752	12.2894	3.6263	12.49	0.4192	12.7272	-2.8028	12.7413	-5.9977	12.4307	-9.0957	11.6613	-11.8466	9.8602	-14.2324	7.3032	-16.3479	4.4312	-18.0573	1.0497	-19.8398	-1.816	-21.3175	-4.9339	-22.8931	-7.6197	-23.9949	-10.7839	-24.6495	-14.2769	-25.3507	-17.4199	-25.3301	-21.13	-24.6297	-25.2229	-23.4268	-29.417	-21.5028	-33.8455	-20.4608	-37.118	-19.9744	-39.6937	-20.4678	-41.4152	-20.8251	-43.1685	-21.1473	-44.8846	-21.5973	-46.4833	-22.0276	-48.0609
it01	1.1852	29/11/2016 15:12:30	Dico pudu lentamente	u	*	*	*	*	*	*	*	*	*	*	*	*	*	*	30.6605	7.626	27.7721	8.3027	24.8604	8.899	21.9295	9.4572	18.9712	9.8935	15.9909	10.2906	12.9847	10.7012	9.9608	10.7793	6.9086	10.9311	3.8491	10.881	0.7217	11.0392	-2.4964	11.3514	-5.7394	11.4466	-8.9176	11.0782	-11.9997	10.2983	-14.6082	8.2556	-16.9835	5.8715	-18.9184	2.8086	-20.3712	-0.8314	-22.2262	-3.3994	-23.784	-6.243	-25.4886	-8.665	-26.7971	-11.4738	-27.4508	-14.8934	-27.3558	-18.8808	-27.1	-22.69	-26.0831	-26.9014	-24.007	-31.6557	-22.133	-35.7691	-20.5362	-39.2761	-20.0901	-41.6732	-20.1673	-43.5807	-19.9224	-45.5859	-19.8462	-47.3955	-19.5539	-49.2273
it01	1.3554	29/11/2016 15:12:42	Dico pogo lentamente	O	51.7866	3.6074	*	*	*	*	*	*	*	*	*	*	*	*	*	*	*	*	*	*	*	*	18.7247	5.8527	15.8774	4.9347	13.0703	6.078	10.1501	7.5313	7.0774	9.2124	3.8825	10.6404	0.7339	10.9712	-2.4255	11.0299	-5.3764	10.064	-8.9254	11.1038	-12.4298	11.5293	-15.6533	10.9041	-18.0829	8.3631	-20.3513	5.7356	-21.7148	1.6577	-22.497	-2.9421	-22.991	-7.4685	-24.4911	-10.08	-25.4358	-13.2506	-26.3656	-16.1989	-26.568	-19.7555	-27.4059	-22.3763	-27.8601	-25.2185	-28.4422	-27.7775	-28.6912	-30.4787	-29.0231	-32.9692	-29.7543	-35.0702	-30.613	-37.0363	-31.2489	-39.101	-31.2507	-41.4542	-31.6326	-43.5323
it01	1.3179	29/11/2016 15:12:53	Dico poto lentamente	O	*	*	*	*	*	*	*	*	*	*	*	*	*	*	*	*	28.3417	11.4323	25.0319	10.113	21.9972	10.1274	19.0188	10.6748	15.9994	10.6886	12.9844	10.7189	9.9964	10.1686	6.9804	10.2003	3.9935	9.8391	1.2123	8.3015	-1.4375	6.5495	-4.2291	5.6937	-7.031	4.9014	-9.5455	3.2743	-11.74	0.987	-14.07	-0.7315	-16.4243	-2.2861	-18.4406	-4.4081	-20.1501	-6.9052	-21.9768	-9.0357	-24.2609	-10.4065	-26.453	-11.923	-28.1161	-14.093	-29.4154	-16.5941	-30.7166	-18.9817	-32.2432	-21.0674	-33.0952	-23.7086	-33.1226	-26.904	-33.1587	-29.8958	-33.4775	-32.5264	-34.4791	-34.614	-35.4435	-36.6993	-37.2678	-38.3194	-38.7723	-40.166
it01	1.6741	29/11/2016 15:13:33	Dico pugu lentamente	u	*	*	*	*	*	*	*	*	*	*	*	*	*	*	*	*	*	*	*	*	*	*	18.8851	8.483	15.9521	8.461	13.03	8.2553	10.0998	8.3933	7.1235	8.7436	4.1001	9.0688	0.7606	10.8224	-2.7479	12.4921	-6.2846	13.5234	-9.6688	13.5376	-12.6906	12.2759	-15.5626	10.6741	-18.1346	8.4804	-20.5534	6.1485	-22.8096	3.6859	-24.8563	1.042	-26.6541	-1.808	-27.6549	-5.5923	-27.7867	-10.1822	-27.3912	-14.9651	-27.2404	-19.0089	-26.767	-23.0314	-25.9989	-26.9811	-24.6331	-31.1082	-23.7638	-34.4535	-22.9028	-37.5174	-22.766	-39.8449	-22.7665	-41.9522	-22.6336	-44.0336	-23.1728	-45.6624	-23.719	-47.2635
it01	1.1554	29/11/2016 15:13:39	Dico pada lentamente	a	50.9947	2.1497	*	*	*	*	*	*	*	*	*	*	33.9059	8.3009	30.9058	8.7243	27.896	8.9834	24.8997	9.177	21.895	9.1153	18.9111	8.9092	15.9571	8.6963	13.0234	8.6112	10.0964	8.4521	7.1567	8.4055	4.2187	8.2125	1.2973	7.8272	-1.322	6.0256	-3.8312	4.1777	-6.2153	2.2307	-8.6587	0.736	-10.9538	-1.0053	-12.9989	-3.1588	-15.1137	-4.9633	-17.0659	-6.9549	-18.8045	-9.1774	-20.2991	-11.6282	-21.8517	-13.8238	-23.5678	-15.6887	-25.8722	-16.7926	-27.9822	-18.1854	-29.1503	-20.5877	-30.0258	-23.1674	-30.4848	-25.9913	-31.2957	-28.3778	-31.7006	-30.9793	-32.4364	-33.2377	-33.7669	-35.0603	-34.1138	-37.4607	-34.4303	-39.7977	-34.6205	-42.1235
it01	1.0148	29/11/2016 15:13:44	Dico poco lentamente	O	48.8592	-1.7813	*	*	*	*	*	*	*	*	*	*	*	*	*	*	*	*	*	*	*	*	18.6984	5.4202	15.8411	3.2232	13.1383	2.4026	10.3632	3.873	7.4164	5.7613	4.1846	8.459	1.1295	8.764	-2.1131	9.6134	-5.2793	9.6941	-8.8472	10.8477	-12.3229	11.2234	-15.5303	10.5923	-18.1266	8.4623	-20.6481	6.3419	-22.7456	3.5675	-23.7875	-0.7629	-24.5365	-5.0802	-25.2597	-8.9897	-26.5195	-11.8362	-27.4189	-14.9317	-27.9444	-18.2273	-28.7201	-21.0287	-29.9027	-23.284	-30.8614	-25.662	-31.5294	-28.1892	-31.9427	-30.7995	-32.5392	-33.1674	-33.1578	-35.4419	-33.7017	-37.6966	-34.5496	-39.7355	-35.4204	-41.7464
it01	1.1333	29/11/2016 15:13:49	Dico pata lentamente	a	52.0654	4.1206	*	*	*	*	*	*	*	*	*	*	*	*	31.0904	9.551	28.0777	9.9817	25.0585	10.3011	22.0331	10.4832	18.9976	10.3267	15.9883	10.1645	12.997	10.039	10.006	10.0033	7.0317	9.6785	4.0574	9.3771	1.0681	9.1067	-1.7077	7.7747	-4.2246	5.6765	-6.3885	2.7978	-8.648	0.7054	-10.8043	-1.3841	-12.9082	-3.3644	-14.8827	-5.4352	-16.8906	-7.2798	-18.9716	-8.8952	-20.7891	-10.871	-22.8359	-12.4278	-24.6937	-14.2192	-26.7409	-15.7474	-28.2485	-17.8896	-29.8594	-19.8606	-30.9037	-22.336	-31.6941	-24.9338	-32.0057	-27.805	-32.6879	-30.2456	-33.5435	-32.4813	-34.603	-34.5364	-35.1362	-36.8753	-35.5747	-39.2015	-35.965	-41.4896
it01	1.1854	29/11/2016 15:13:59	Dico podo lentamente	O	*	*	*	*	*	*	*	*	*	*	*	*	*	*	31.1062	9.6218	28.0807	9.9984	25.0217	10.041	21.9376	9.5377	18.9121	8.9246	15.956	8.6423	13.0225	8.6609	10.0862	8.6279	7.1846	8.1215	4.301	7.6185	1.3855	7.3355	-1.5441	7.0326	-4.3634	6.205	-7.184	5.4024	-9.8569	4.1653	-12.4938	2.8973	-14.7758	0.8681	-16.9358	-1.2412	-18.9772	-3.414	-20.8652	-5.6977	-22.8797	-7.6405	-24.8369	-9.5894	-26.7792	-11.4973	-28.3149	-13.8538	-29.1913	-16.8429	-30.4233	-19.2824	-31.6878	-21.5934	-33.09	-23.7132	-33.3755	-26.7	-33.6096	-29.5607	-33.8864	-32.2469	-34.3197	-34.7139	-34.2403	-37.3882	-34.9991	-39.5014	-35.7849	-41.5745
it01	1.2362	29/11/2016 15:14:11	Dico paca lentamente	a	45.832	-7.3537	*	*	*	*	*	*	*	*	*	*	*	*	*	*	*	*	24.1066	3.5617	21.5354	5.5529	18.772	6.6268	15.9395	7.865	13.0281	8.3561	10.0173	9.8099	6.915	10.8663	3.8393	10.952	0.8528	10.3079	-2.1795	9.9145	-5.5428	10.6978	-8.8266	10.7801	-12.0355	10.4007	-15.0099	9.2735	-17.6786	7.4469	-20.1819	5.3896	-22.2662	2.6792	-24.1654	-0.1247	-24.8595	-4.5813	-25.1675	-9.1206	-24.8446	-14.0222	-24.6028	-18.3198	-25.2399	-21.2301	-26.9256	-22.8688	-28.6309	-24.4884	-29.3208	-27.0091	-29.3637	-29.9363	-30.3314	-31.9969	-31.12	-34.1371	-32.1649	-36.0639	-32.9618	-38.1202	-34.0451	-39.9983	-35.0707	-41.9112
it01	1.0827	29/11/2016 15:14:22	Dico pucu lentamente	u	*	*	*	*	*	*	*	*	*	*	*	*	*	*	*	*	*	*	*	*	22.0497	10.6483	*	*	15.9877	10.1399	12.9947	10.1621	9.9806	10.4399	6.8983	11.0359	3.7772	11.4004	0.6445	11.4702	-2.6808	12.188	-5.964	12.3022	-9.3459	12.4803	-12.5283	11.8113	-15.412	10.2926	-18.2882	8.8284	-21.0698	7.2034	-23.5451	5.0486	-25.8201	2.6695	-27.2592	-0.873	-27.4688	-5.8563	-26.7664	-11.5138	-25.4314	-17.3228	-24.9101	-21.5964	-24.7503	-25.0992	-24.6313	-28.2763	-23.942	-31.7125	-23.6733	-34.5266	-23.664	-36.9518	-23.5937	-39.2794	-23.6292	-41.4117	-22.9838	-43.8331	-23.0138	-45.7453	-23.5016	-47.366
it01	1.1537	29/11/2016 15:14:28	Dico paga lentamente	a	47.3386	-4.5804	*	*	*	*	*	*	*	*	*	*	*	*	29.0002	0.1909	26.4803	1.204	23.8126	1.4803	21.1563	1.7973	18.5353	2.7456	15.8972	5.8673	13.0086	9.4075	9.8892	12.0082	6.6828	13.2299	3.5265	13.2108	0.3453	13.14	-2.6812	12.1897	-5.9156	12.118	-9.0525	11.5198	-12.1828	10.8223	-15.0143	9.2846	-17.4215	6.8643	-19.8453	4.7021	-21.8035	1.822	-23.8252	-0.6993	-24.8545	-4.5889	-25.0732	-9.2543	-24.4802	-14.4978	-24.4069	-18.5554	-25.395	-21.0579	-26.3528	-23.456	-27.2574	-25.7892	-27.9168	-28.2369	-28.8583	-30.3439	-29.6912	-32.4726	-29.9775	-34.9177	-30.2677	-37.2526	-30.3809	-39.5979	-31.0756	-41.5454	-31.8428	-43.4332
it01	1.2528	29/11/2016 15:14:44	Dico putu lentamente	u	*	*	*	*	*	*	*	*	*	*	*	*	*	*	31.0068	9.1767	28.0313	9.7267	25.0413	10.1798	22.0443	10.5946	19.0367	10.9683	16.0118	11.2734	12.9702	11.4836	9.9098	11.6543	6.8281	11.7504	3.71	11.8855	0.5523	11.9846	-2.6295	11.9551	-5.8409	11.8334	-8.9899	11.3149	-11.9316	10.1035	-14.4122	7.7588	-16.5455	4.8788	-18.576	2.1091	-20.3319	-0.9043	-22.4351	-3.0467	-23.9949	-5.9172	-25.2339	-9.0263	-25.5751	-13.0688	-25.1954	-17.6068	-24.4743	-22.0802	-22.8759	-27.0211	-21.7295	-31.0244	-20.6116	-34.6248	-20.3483	-37.2088	-20.7092	-39.1476	-21.1345	-40.9596	-21.4234	-42.7937	-21.7052	-44.5652	-22.3129	-46.1105	-22.9839	-47.61
it01	1.409	29/11/2016 15:15:15	Dico pudu lentamente	u	*	*	*	*	*	*	*	*	*	*	*	*	*	*	30.9922	9.111	28.0398	9.7737	25.053	10.2621	22.0437	10.5882	19.0281	10.8271	16.007	11.048	12.974	11.2778	9.9237	11.4163	6.8474	11.5542	3.7395	11.6726	0.6022	11.7064	-2.5614	11.6464	-5.754	11.5021	-8.8752	10.9392	-11.9413	10.1313	-14.5689	8.1559	-17.1052	6.1474	-19.1512	3.2842	-21.0191	0.3689	-22.9436	-2.1879	-24.2893	-5.4622	-25.3594	-8.8483	-25.419	-13.2725	-24.5103	-18.4311	-23.457	-23.2097	-21.5532	-28.3773	-20.2389	-32.4361	-19.5235	-35.5763	-19.5176	-37.8789	-20.1488	-39.5641	-20.8501	-41.1539	-21.332	-42.851	-21.374	-44.7548	-21.608	-46.4776	-21.6908	-48.2197
it01	1.2321	29/11/2016 15:15:26	Dico pogo lentamente	O	48.8773	-1.748	*	*	*	*	*	*	*	*	*	*	*	*	*	*	*	*	*	*	21.2599	2.8241	18.4574	1.4681	15.8062	1.5749	13.1387	2.3795	10.3264	4.5052	7.4074	5.8528	4.3144	7.5215	1.0468	9.2253	-2.2429	10.2019	-5.8104	11.7171	-9.4293	12.7535	-12.9036	12.8853	-16.237	12.3833	-18.6385	9.6223	-20.8508	6.7561	-22.4505	3.0207	-24.2154	-0.0403	-25.28	-3.9314	-25.984	-7.9623	-26.636	-11.6841	-28.1298	-14.0765	-28.7819	-17.2974	-29.0663	-20.6738	-28.8933	-24.2399	-29.0592	-27.2379	-29.0127	-30.2194	-29.2302	-32.8152	-29.9558	-34.9325	-30.8889	-36.8634	-31.335	-39.0517	-31.7821	-41.1773	-32.3292	-43.2038
it01	1.155	29/11/2016 15:15:36	Dico poto lentamente	O	51.6138	3.2894	*	*	*	*	*	*	*	*	*	*	*	*	*	*	27.864	8.8075	24.9102	9.2517	21.9443	9.6041	18.9334	9.2747	15.9613	8.8945	13.0251	8.5174	10.0821	8.6972	7.1203	8.7763	4.1717	8.5521	1.2768	7.9417	-1.6274	7.4107	-4.4771	6.6382	-7.306	5.8019	-9.9801	4.5181	-12.4062	2.6754	-14.5897	0.4464	-16.5357	-2.0585	-18.5501	-4.2053	-20.6981	-5.9797	-22.6162	-8.0477	-25.0515	-9.2851	-26.9835	-11.2306	-29.6672	-12.2268	-31.589	-14.1807	-33.426	-16.2036	-33.9164	-19.4828	-33.2807	-23.5465	-33.5244	-26.5799	-33.7114	-29.4851	-34.7254	-31.6737	-34.8027	-34.4113	-35.4178	-36.7141	-36.205	-38.8731	-37.0948	-40.9569
it01	1.4158	29/11/2016 15:16:00	Dico pugu lentamente	u	*	*	*	*	*	*	*	*	*	*	*	*	*	*	*	*	*	*	*	*	21.2579	2.8041	18.6439	4.5274	15.8888	5.473	13.0552	6.8947	10.0999	8.3912	7.0992	8.9909	3.9097	10.4441	0.5378	12.0655	-2.8928	13.1494	-6.3772	13.8761	-9.5844	13.2612	-12.7431	12.4259	-15.7451	11.1366	-18.6022	9.5401	-21.1027	7.2705	-23.1141	4.2501	-24.8706	1.0661	-25.8294	-3.0825	-26.7369	-6.8943	-27.459	-10.6099	-27.7956	-14.4785	-27.8916	-18.286	-26.9059	-22.889	-25.8168	-27.1536	-24.6561	-31.0881	-23.6241	-34.5662	-22.9504	-37.4821	-22.3983	-40.0961	-22.2334	-42.2862	-22.6094	-44.0475	-23.1433	-45.6778	-23.7347	-47.2561
it01	0.971	29/11/2016 15:16:05	Dico pada lentamente	a	52.4142	4.7626	*	*	*	*	*	*	*	*	*	*	34.4495	10.3491	31.3972	10.9247	28.3315	11.3765	25.2348	11.5498	22.1115	11.26	19.0469	11.1349	15.9997	10.7056	12.9841	10.7341	9.9905	10.2686	7.0108	9.8911	4.0118	9.7068	1.0701	9.0952	-1.6063	7.3148	-4.0184	4.8909	-6.3019	2.5142	-8.6445	0.6956	-10.7611	-1.4938	-12.6571	-3.9335	-14.4947	-6.2277	-15.9834	-8.9605	-17.5386	-11.3152	-18.9468	-13.7178	-21.0976	-14.8935	-22.8866	-16.5778	-24.5378	-18.398	-25.458	-20.988	-26.593	-23.2098	-27.8817	-25.198	-29.3492	-26.9843	-30.3213	-29.1638	-31.0804	-31.4403	-31.7107	-33.7335	-32.4793	-35.867	-33.5258	-37.7973	-34.6657	-39.675	-35.9333	-41.5045
it01	1.195	29/11/2016 15:16:10	Dico poco lentamente	O	48.4729	-2.4924	*	*	*	*	*	*	*	*	*	*	*	*	*	*	*	*	*	*	*	*	18.7638	6.4933	15.8876	5.4157	13.1072	4.0849	10.3887	3.4353	7.5481	4.4211	4.538	5.9073	1.2413	8.1397	-2.2994	10.458	-5.998	12.4319	-9.5917	13.2851	-12.6241	12.0856	-15.194	9.74	-17.7881	7.6951	-20.2305	5.4888	-21.8319	1.8747	-22.5781	-2.8051	-23.0139	-7.4331	-24.0145	-10.756	-25.1971	-13.5621	-26.3993	-16.1584	-27.3632	-18.8727	-28.425	-21.3313	-29.6052	-23.5657	-30.814	-25.7035	-31.9076	-27.8841	-32.4531	-30.4202	-33.1398	-32.7571	-33.4507	-35.2584	-34.1175	-37.4585	-34.8868	-39.5599	-35.9225	-41.5096
it01	1.2437	29/11/2016 15:16:15	Dico pata lentamente	a	51.8637	3.7492	*	*	*	*	*	*	*	*	*	*	*	*	30.8725	8.5753	27.9127	9.0749	24.9439	9.4897	21.9425	9.586	18.9398	9.3797	15.966	9.1165	13.0159	9.0165	10.0633	9.0193	7.0931	9.053	4.1448	8.7464	1.1913	8.4188	-1.7127	7.7974	-4.3103	6.003	-6.6027	3.4991	-8.7784	1.0787	-11.1404	-0.5326	-13.305	-2.4652	-15.3055	-4.5715	-17.3401	-6.447	-19.2878	-8.3613	-20.892	-10.7119	-22.4306	-13.0028	-24.6957	-14.2166	-27.2583	-15.125	-28.7338	-17.3508	-29.9877	-19.729	-30.9912	-22.2531	-32.4314	-24.2891	-32.7791	-27.1811	-32.842	-30.1311	-33.4072	-32.5744	-34.4202	-34.651	-35.0066	-36.9495	-35.2332	-39.3794	-35.5141	-41.7022
it01	1.1898	29/11/2016 15:16:25	Dico podo lentamente	O	52.656	5.2078	*	*	*	*	*	*	*	*	*	*	*	*	31.3946	10.9131	28.3259	11.3455	25.2476	11.6402	22.1032	11.1776	19.0175	10.6542	15.9695	9.2794	13.0266	8.4381	10.1514	7.5079	7.2315	7.6443	4.2486	7.9968	1.2496	8.0936	-1.5153	6.9021	-4.0522	5.0198	-6.5039	3.1758	-9.1793	2.2262	-11.9382	1.4893	-14.6176	0.5097	-16.7391	-1.643	-18.6252	-4.0662	-20.3738	-6.5275	-22.3891	-8.3986	-24.3636	-10.2608	-26.2858	-12.1412	-28.1023	-14.1096	-29.4541	-16.5511	-30.4274	-19.2782	-31.3178	-21.9438	-32.5108	-24.2197	-33.4484	-26.6412	-33.7645	-29.4456	-33.7035	-32.3719	-33.9249	-34.9613	-34.2447	-37.3857	-34.0201	-40.0114	-34.1664	-42.3376
it01	1.0569	29/11/2016 15:16:36	Dico paca lentamente	a	46.3818	-6.3417	*	*	*	*	*	*	*	*	*	*	*	*	28.6074	-1.5677	26.0019	-1.4244	23.4669	-0.9671	20.9195	-0.5482	18.5084	2.3051	15.8568	3.9615	13.0678	6.2096	10.1439	7.6373	7.1042	8.9398	3.9598	10.0819	1.036	9.2857	-1.9833	9.0247	-5.41	10.192	-8.8872	10.9785	-12.4394	11.5569	-14.9304	9.072	-17.2744	6.5309	-19.4164	3.8259	-21.6885	1.6089	-23.822	-0.7047	-25.0767	-4.2456	-25.2867	-8.9514	-25.2139	-13.5403	-25.0975	-17.7246	-26.3463	-20.0017	-27.3528	-22.4307	-28.6177	-24.501	-29.447	-26.8988	-30.3169	-29.1673	-31.4541	-31.1625	-32.1328	-33.4451	-33.0436	-35.5134	-33.3625	-37.8908	-33.7301	-40.1624	-33.9298	-42.4492
it01	1.0316	29/11/2016 15:16:47	Dico pucu lentamente	u	*	*	*	*	*	*	*	*	*	*	*	*	*	*	*	*	*	*	*	*	21.4784	4.9878	18.7258	5.8693	15.9167	6.7883	13.0292	8.2951	10.051	9.2315	6.9853	10.1503	3.7924	11.2904	0.577	11.8466	-2.7359	12.4378	-6.0617	12.6745	-9.4037	12.6695	-12.7297	12.3878	-15.9697	11.7059	-18.9278	10.2781	-21.4412	7.9621	-23.882	5.6728	-25.6576	2.3951	-27.2761	-0.8469	-28.5502	-4.3223	-29.2333	-8.2941	-29.6663	-12.2279	-28.6243	-17.4725	-26.5818	-23.2213	-23.5905	-29.2619	-21.0206	-34.2671	-19.6924	-37.7378	-19.3757	-40.1386	-20.0145	-41.7249	-20.6559	-43.2746	-21.4333	-44.7208	-22.1587	-46.1908	-22.9023	-47.6485
it01	1.1814	29/11/2016 15:16:52	Dico paga lentamente	a	*	*	*	*	*	*	*	*	*	*	*	*	*	*	*	*	*	*	*	*	21.6127	6.3187	18.8644	8.1423	15.9715	9.3727	12.9929	10.2559	10.0328	9.5427	6.9984	10.0173	3.8098	11.1654	0.1076	14.4662	-3.6256	16.4725	-7.3123	17.4383	-10.1137	14.9943	-12.7464	12.4356	-14.7853	8.7043	-17.045	6.0109	-18.8039	2.5746	-19.7902	-1.9078	-20.3466	-6.5733	-20.8767	-10.7357	-22.2925	-13.1986	-23.1507	-16.2331	-23.9793	-19.0699	-24.6324	-21.9047	-26.0604	-23.7559	-26.7614	-26.2589	-27.4024	-28.6867	-27.7959	-31.2009	-28.6266	-33.2638	-29.4649	-35.2679	-29.9291	-37.4647	-30.3702	-39.604	-30.8437	-41.6662	-31.5481	-43.5721
it01	1.0723	29/11/2016 15:17:07	Dico putu lentamente	u	*	*	*	*	*	*	*	*	*	*	*	*	*	*	31.1113	9.6446	28.0918	10.0591	25.0778	10.4384	22.054	10.6908	19.0336	10.9176	16.0086	11.1242	12.9727	11.3514	9.9116	11.6235	6.8193	11.8401	3.7022	11.9421	0.5748	11.8592	-2.5675	11.6743	-5.7135	11.3481	-8.8244	10.7729	-11.7561	9.6011	-14.4657	7.8944	-16.8895	5.6584	-18.8863	2.7431	-20.5768	-0.4505	-21.9171	-3.9214	-23.1898	-7.1613	-24.602	-9.9227	-26.2331	-12.21	-27.7866	-14.4893	-28.4851	-17.627	-28.4748	-21.2803	-27.1077	-25.931	-24.6654	-31.08	-22.3337	-35.6072	-21.1053	-38.8532	-20.8535	-41.1516	-21.5161	-42.7356	-21.5327	-44.6639	-21.5704	-46.4972	-21.5845	-48.2699
it01	1.0902	29/11/2016 15:17:40	Dico pudu lentamente	u	*	*	*	*	*	*	*	*	*	*	*	*	*	*	31.2331	10.1897	28.2381	10.8633	25.193	11.2537	22.1291	11.4346	19.0626	11.3933	16.0195	11.6371	12.9631	11.8682	9.8921	11.9587	6.8048	11.9879	3.6852	12.0646	0.5262	12.1304	-2.6268	11.9428	-5.8067	11.7032	-8.9282	11.1127	-11.9356	10.1149	-14.8128	8.7741	-17.1636	6.2797	-19.1713	3.3253	-20.7384	-0.1512	-22.2804	-3.3078	-23.7807	-6.2482	-25.2361	-9.0232	-26.4573	-11.9173	-26.9192	-15.5329	-26.6853	-19.6253	-25.867	-23.9542	-23.7656	-29.0962	-21.9874	-33.4217	-20.4306	-37.1423	-19.643	-39.94	-20.3389	-41.5032	-20.4921	-43.3772	-19.9562	-45.5666	-18.9969	-47.838	-17.9862	-49.9664
it01	1.2101	29/11/2016 15:17:51	Dico pogo lentamente	O																																																																																				
it01	1.151	29/11/2016 15:18:02	Dico poto lentamente	O	*	*	*	*	*	*	*	*	*	*	*	*	*	*	*	*	28.7046	13.4266	25.2731	11.821	22.1525	11.6659	19.066	11.4482	15.995	10.4821	13.0066	9.5184	10.0665	8.9653	7.0437	9.5563	4.072	9.2721	1.3502	7.5322	-1.1802	5.3822	-3.7167	3.7416	-6.3995	2.834	-9.1716	2.2042	-11.7289	0.959	-14.2159	-0.4008	-16.351	-2.436	-18.5401	-4.2238	-20.6661	-6.0338	-23.0168	-7.4287	-25.3938	-8.7995	-27.2519	-10.8802	-28.4981	-13.6334	-29.136	-16.9043	-30.0432	-19.6722	-31.428	-21.8395	-32.6431	-24.104	-33.2192	-26.8261	-33.2245	-29.8469	-33.7072	-32.3694	-34.5487	-34.5705	-34.8708	-37.0272	-35.0226	-39.4891	-35.4001	-41.7559
it01	2.2252	29/11/2016 15:18:39	Dico pugu lentamente	u	*	*	*	*	*	*	*	*	*	*	*	*	*	*	*	*	*	*	*	*	21.6894	7.0786	18.8537	7.9671	15.9558	8.6353	13.0049	9.6109	9.98	10.4492	6.8482	11.5464	3.6584	12.2586	0.3417	13.1596	-2.9489	13.4039	-6.2321	13.3233	-9.6095	13.3436	-12.8529	12.7404	-15.9579	11.6759	-18.5587	9.4414	-21.0288	7.1196	-23.1476	4.3122	-24.6556	0.7031	-25.4192	-3.7163	-25.2273	-9.0356	-24.8003	-14.0801	-24.1027	-18.9214	-23.3716	-23.3045	-23.2615	-26.6258	-22.5585	-30.2393	-22.0714	-33.3483	-21.4604	-36.3116	-20.9518	-38.9673	-21.0621	-41.0091	-21.5557	-42.7108	-22.0599	-44.3621	-22.5905	-45.9658	-23.2668	-47.4767
it01	1.1541	29/11/2016 15:18:45	Dico pada lentamente	a	51.2072	2.5409	*	*	*	*	*	*	*	*	*	*	*	*	31.2247	10.1523	28.2315	10.8268	25.1974	11.285	22.1309	11.4528	19.0483	11.1585	16.0004	10.7353	12.9892	10.4578	9.9834	10.3912	6.9827	10.1769	4.0339	9.5467	1.1054	8.8986	-1.481	6.7466	-3.9204	4.5177	-6.1461	2.0041	-8.5283	0.3629	-10.7848	-1.4336	-12.7353	-3.7564	-14.5693	-6.0755	-16.4067	-8.1762	-18.1901	-10.215	-20.0851	-11.9588	-21.8936	-13.7645	-23.5731	-15.6818	-25.6826	-17.0207	-27.5789	-18.6332	-29.3394	-20.3938	-30.5323	-22.6877	-31.5711	-25.0414	-32.6783	-27.2624	-33.1757	-29.8832	-33.4762	-32.5273	-34.0227	-34.9	-34.1991	-37.4118	-34.5476	-39.7366	-34.7425	-42.066
it01	1.1136	29/11/2016 15:18:50	Dico poco lentamente	O	49.9503	0.2272	*	*	*	*	*	*	*	*	*	*	*	*	*	*	*	*	*	*	21.1583	1.8169	18.5343	2.7293	15.8626	4.2359	13.0781	5.6549	10.2303	6.1539	7.4276	5.6481	4.7445	4.4157	1.7891	5.0832	-1.606	7.3134	-5.3698	10.0386	-9.1379	11.7996	-12.4332	11.5392	-15.255	9.8947	-17.6646	7.4152	-19.7111	4.4279	-20.4494	-0.6866	-20.9437	-5.565	-21.6618	-9.5225	-23.589	-11.3595	-25.0884	-13.704	-26.3983	-16.1596	-27.906	-18.27	-29.3356	-20.3976	-30.899	-22.3405	-31.4751	-25.1253	-32.477	-27.4248	-33.159	-29.8956	-33.5396	-32.4839	-33.7923	-35.0444	-34.0447	-37.5002	-35.4347	-39.2744	-36.705	-41.1407
it01	1.089	29/11/2016 15:18:54	Dico pata lentamente	a	52.3216	4.5922	*	*	*	*	*	*	*	*	*	*	*	*	31.3989	10.9323	28.3288	11.3617	25.2418	11.5993	22.1627	11.7673	19.0714	11.5367	16.01	11.1922	12.9879	10.5306	9.9915	10.2527	7.0086	9.9128	4.1122	8.9818	1.4637	6.8989	-0.9595	4.3814	-3.3619	2.3902	-5.8596	1.0661	-8.3778	-0.0679	-10.8061	-1.3797	-13.1168	-2.8916	-15.0653	-5.0622	-16.7652	-7.5121	-18.3846	-9.8866	-20.3982	-11.475	-22.8098	-12.4648	-25.2859	-13.4463	-26.8204	-15.6518	-27.7669	-18.4244	-28.4855	-21.2694	-30.146	-23.0536	-31.8041	-24.8377	-32.6095	-27.3179	-32.8044	-30.1591	-33.1217	-32.7695	-33.7221	-35.0883	-34.1528	-37.4383	-34.3189	-39.8557	-34.9585	-41.9642
it01	1.2325	29/11/2016 15:19:04	Dico podo lentamente	O	52.1533	4.2824	*	*	*	*	*	*	*	*	*	*	*	*	31.2407	10.224	28.2162	10.7429	25.1555	10.9879	22.0803	10.9514	18.9807	10.05	15.9636	9.0035	13.0331	8.0862	10.1022	8.3518	7.1625	8.3468	4.2603	7.9118	1.4121	7.1871	-1.3182	6.0081	-4.0009	4.8243	-6.6864	3.7732	-9.4787	3.083	-11.9374	1.4872	-13.9366	-1.0337	-15.7848	-3.5924	-17.8162	-5.565	-19.8613	-7.3929	-21.8891	-9.1711	-24.1838	-10.5158	-26.3432	-12.0663	-28.1436	-14.0599	-29.3272	-16.6919	-30.4359	-19.2695	-31.673	-21.6074	-32.3322	-24.3759	-32.6098	-27.3177	-32.7822	-30.1756	-33.6587	-32.4026	-34.5402	-34.5758	-35.2382	-36.8168	-34.9234	-39.5408	-35.2644	-41.8199
it01	1.0346	29/11/2016 15:19:14	Dico paca lentamente	a	42.3965	-13.6778	*	*	*	*	*	*	*	*	*	*	*	*	*	*	25.7505	-2.8063	23.3523	-1.7786	20.9689	-0.0586	18.4656	1.6029	15.8553	3.8923	13.0638	6.4263	10.1106	8.2077	7.0109	9.8896	3.8362	10.9746	0.5937	11.7537	-2.6693	12.1358	-6.0465	12.6164	-9.2659	12.2185	-12.3664	11.3479	-15.3069	10.0261	-17.7921	7.7042	-20.15	5.3244	-22.4103	2.9463	-23.896	-0.5796	-25.2256	-4.0155	-25.176	-9.1085	-25.7764	-12.806	-26.6714	-15.831	-27.4016	-18.83	-27.5297	-22.2493	-27.7585	-25.3147	-28.1521	-28.0311	-29.0768	-30.1677	-29.8297	-32.3697	-30.6722	-34.4431	-31.5449	-36.4524	-32.6564	-38.2951	-33.6088	-40.2257	-33.539	-42.6334
it01	1.0623	29/11/2016 15:19:23	Dico pucu lentamente	u	*	*	*	*	*	*	*	*	*	*	*	*	*	*	*	*	*	*	*	*	*	*	18.702	5.4792	15.9135	6.6379	13.0396	7.7346	10.1044	8.3154	7.1363	8.6132	4.0786	9.2243	0.8256	10.4595	-2.4995	11.3658	-5.8059	11.7	-9.1989	11.9991	-12.5578	11.8956	-15.7915	11.2542	-18.8466	10.094	-21.2484	7.5682	-23.5129	4.989	-25.0019	1.2879	-26.1096	-2.6495	-27.3375	-6.0424	-28.5413	-9.1973	-29.6099	-12.2958	-30.3318	-15.5765	-29.9254	-19.7929	-28.2776	-24.823	-25.8213	-30.0692	-23.2907	-34.8352	-21.585	-38.4968	-21.0419	-41.0228	-21.4771	-42.7601	-21.8803	-44.4649	-22.0604	-46.242	-22.312	-47.9268
it01	1.2034	29/11/2016 15:19:29	Dico paga lentamente	a	*	*	*	*	*	*	*	*	*	*	*	*	*	*	*	*	26.4779	1.1909	23.7134	0.7777	21.1944	2.1745	18.6067	3.9161	15.889	5.4814	13.0492	7.2174	9.9986	10.1296	6.6829	13.2294	3.3391	14.5638	0.2469	13.6889	-3.0419	13.8253	-6.3355	13.7175	-9.9814	14.561	-13.0037	13.172	-15.2906	9.9847	-17.3464	6.6941	-18.3926	1.7345	-19.5312	-2.3876	-19.8818	-7.3583	-21.3007	-10.0804	-22.512	-12.8873	-24.0441	-15.067	-24.9777	-17.8688	-25.675	-20.7471	-25.9184	-23.9015	-26.4603	-26.5441	-27.7483	-28.3842	-28.3908	-30.721	-28.6969	-33.2115	-28.7967	-35.7244	-29.5184	-37.722	-30.1568	-39.7262	-30.8265	-41.6751	-31.5505	-43.571
it01	1.2925	29/11/2016 15:19:45	Dico putu lentamente	u	*	*	*	*	*	*	*	*	*	*	*	*	33.757	7.7399	30.8389	8.4245	27.8886	8.9426	24.9017	9.1909	21.9185	9.3482	18.9539	9.6109	15.9855	10.0363	12.9841	10.7328	9.9328	11.259	6.8568	11.4584	3.758	11.5393	0.6512	11.4328	-2.5132	11.4276	-5.7538	11.5014	-9.002	11.3545	-12.0914	10.5608	-14.8357	8.832	-17.3181	6.6299	-19.4251	3.8437	-21.4405	1.1496	-23.248	-1.674	-24.7263	-4.7871	-25.6758	-8.3995	-26.0313	-12.4734	-25.4427	-17.3093	-23.8845	-22.735	-22.0676	-27.8499	-20.3519	-32.3291	-19.7181	-35.4061	-19.8736	-37.5917	-20.4436	-39.345	-21.0413	-41.0233	-20.9766	-43.0736	-20.9664	-44.9882	-21.0738	-46.756	-21.0627	-48.5159
it01	1.3423	29/11/2016 15:20:17	Dico pudu lentamente	u	*	*	*	*	*	*	*	*	*	*	*	*	*	*	31.4541	11.1792	28.4259	11.8952	25.2955	11.9794	22.1706	11.8454	19.0733	11.5693	16.0035	10.882	12.9765	11.1459	9.92	11.4798	6.8031	12.005	3.625	12.4995	0.5098	12.2218	-2.6862	12.2124	-5.895	12.0396	-9.003	11.3578	-11.6929	9.4203	-14.1405	7.0704	-16.2548	4.22	-18.2795	1.5035	-20.1622	-1.2186	-21.7609	-4.1851	-23.0259	-7.4146	-23.8137	-11.0408	-24.1934	-14.8722	-24.0021	-19.0424	-23.0606	-23.6498	-21.2649	-28.6729	-19.6755	-32.9697	-18.305	-36.6417	-18.3513	-38.8197	-18.7797	-40.5815	-19.0231	-42.4022	-18.9396	-44.3499	-19.0387	-46.0919	-19.8561	-47.3904	-20.7766	-48.6508
it01	1.304	29/11/2016 15:20:28	Dico pogo lentamente	O	49.8622	0.065	*	*	*	*	*	*	*	*	*	*	*	*	*	*	*	*	24.3672	5.4069	21.4259	4.4686	18.6043	3.8777	15.8957	5.7988	13.019	8.8474	9.9426	11.0909	6.8129	11.9057	3.7455	11.6298	0.4088	12.7853	-3.1346	14.2459	-6.82	15.5629	-10.2614	15.4776	-13.5307	14.6803	-16.3764	12.7365	-18.6032	9.5425	-19.7967	4.6027	-20.7877	-0.0598	-22.0719	-3.6599	-23.293	-7.0018	-24.2726	-10.3899	-24.8366	-14.0327	-25.5185	-17.218	-26.3726	-19.9725	-27.2592	-22.5267	-28.4749	-24.6361	-28.8648	-27.4079	-29.1241	-30.1295	-29.2974	-32.7653	-30.0266	-34.8841	-30.7316	-36.9619	-31.1792	-39.1409	-31.7628	-41.1874	-32.3784	-43.1806
it01	1.3804	29/11/2016 15:20:39	Dico poto lentamente	O	*	*	*	*	*	*	*	*	*	*	*	*	*	*	32.6226	16.4121	29.3022	16.7106	25.8578	15.9605	22.5323	15.429	19.325	15.6958	16.1055	15.6979	12.9098	14.7466	9.9056	11.7269	7.1285	8.6928	4.5072	6.1296	1.7448	5.3302	-0.99	4.5197	-3.7324	3.8014	-6.4595	3.0304	-9.022	1.776	-11.5287	0.4516	-13.9854	-0.9231	-16.1605	-2.8249	-18.0631	-5.1075	-19.7101	-7.6482	-21.6887	-9.4809	-23.7724	-11.0994	-26.1533	-12.3141	-28.0449	-14.1787	-29.5625	-16.4307	-30.4676	-19.237	-31.5367	-21.7365	-32.6785	-24.073	-33.2924	-26.767	-33.9407	-29.3146	-34.1773	-32.0482	-34.8823	-34.3615	-35.0917	-36.9007	-35.5882	-39.1945	-36.0784	-41.4361
it01	1.1823	29/11/2016 15:21:25	Dico pugu lentamente	u	*	*	*	*	*	*	*	*	*	*	*	*	*	*	*	*	*	*	*	*	21.4658	4.8636	18.7844	6.8302	15.9609	8.8718	12.9992	9.9187	9.9862	10.3436	6.8463	11.5655	3.5999	12.6807	0.2124	13.8815	-3.1811	14.4569	-6.4872	14.2954	-9.7825	13.9099	-12.8901	12.8467	-15.4651	10.4271	-17.7073	7.512	-19.9292	4.8733	-21.9312	2.0586	-23.904	-0.5662	-25.5079	-3.5793	-26.8222	-6.7734	-27.9755	-9.9358	-28.1541	-14.0472	-27.7167	-18.4801	-26.345	-23.464	-24.2885	-28.6009	-22.9164	-32.6094	-21.3396	-36.4091	-20.9238	-38.9881	-20.9278	-41.1008	-21.3362	-42.8483	-21.6657	-44.5878	-22.0438	-46.2506	-22.5103	-47.8334
it01	1.1758	29/11/2016 15:21:30	Dico pada lentamente	a	52.8008	5.4742	*	*	*	*	*	*	*	*	*	*	34.9341	12.1749	31.8093	12.7701	28.6485	13.1183	25.4428	13.022	22.2729	12.8587	19.1248	12.4137	16.0267	11.9792	12.9697	11.5097	9.9355	11.2135	6.9177	10.8384	3.9991	9.7985	1.3593	7.4814	-1.0863	4.9564	-3.4606	2.7663	-6.0158	1.5776	-8.4784	0.2201	-10.704	-1.6385	-12.6704	-3.9034	-14.4569	-6.3051	-16.0441	-8.8481	-17.7186	-11.0111	-19.8773	-12.2799	-22.0019	-13.6108	-24.1391	-14.9431	-25.2354	-17.5587	-26.6229	-19.6946	-27.7273	-22.0467	-29.0255	-24.1148	-30.0991	-26.3286	-30.8299	-28.7535	-31.6097	-31.0469	-32.3117	-33.3229	-33.0395	-35.516	-33.7427	-37.6731	-34.4521	-39.7863	-35.3453	-41.7818
it01	1.0365	29/11/2016 15:21:35	Dico poco lentamente	O	49.1834	-1.1845	*	*	*	*	*	*	*	*	*	*	*	*	*	*	*	*	*	*	21.5464	5.6616	18.7556	6.3586	15.9051	6.2417	13.0556	6.8709	10.1623	7.3216	7.1456	8.5182	3.9826	9.9177	0.8236	10.4707	-2.3466	10.6723	-5.3915	10.1213	-8.7918	10.6662	-12.1443	10.7122	-15.3139	10.044	-17.9297	8.016	-20.2314	5.4908	-21.2916	0.8736	-22.2187	-3.412	-23.1949	-7.1534	-24.8027	-9.6379	-26.0448	-12.4557	-27.2854	-15.0923	-28.0429	-18.1179	-29.1304	-20.6081	-29.7254	-23.4519	-30.4015	-26.0641	-30.5814	-28.9539	-30.9645	-31.5264	-31.7643	-33.6968	-32.5532	-35.8206	-33.1138	-38.0332	-34.542	-39.7395	-35.7452	-41.5932
it01	1.1237	29/11/2016 15:21:40	Dico pata lentamente	a	52.8638	5.5902	*	*	*	*	*	*	*	*	*	*	34.7709	11.56	31.6723	12.1565	28.5133	12.3755	25.3723	12.5229	22.2325	12.4585	19.0981	11.976	16.0118	11.2755	12.9842	10.7267	9.9627	10.7462	6.9483	10.5276	4.1816	8.4805	1.6238	6.0058	-0.7484	3.4242	-3.3553	2.3653	-5.9204	1.2654	-8.2537	-0.4231	-10.4297	-2.3336	-12.5196	-4.2451	-14.601	-6.0107	-16.4496	-8.0968	-18.031	-10.4836	-19.6976	-12.5576	-21.602	-14.178	-23.5792	-15.6739	-25.1855	-17.6187	-26.5493	-19.7763	-27.7953	-21.977	-29.21	-23.94	-30.5523	-25.9323	-31.8641	-27.9192	-32.8914	-30.0944	-33.794	-32.3101	-34.3424	-34.6997	-35.1755	-36.8528	-36.7085	-38.6108	-38.0547	-40.5043
it01	1.0665	29/11/2016 15:21:51	Dico podo lentamente	O	*	*	*	*	*	*	*	*	*	*	*	*	*	*	31.7956	12.7087	28.5671	12.671	25.4271	12.9113	22.2357	12.4909	19.105	12.089	16.0049	10.9508	12.9781	11.0589	9.9517	10.9345	6.9097	10.9201	3.9771	9.9573	1.1314	8.7533	-1.6256	7.4023	-4.2011	5.587	-6.7548	3.997	-9.3423	2.6926	-11.8772	1.3348	-14.1538	-0.5415	-16.2063	-2.7315	-18.053	-5.1263	-19.9269	-7.2821	-21.9143	-9.1322	-24.0526	-10.702	-26.3322	-12.0806	-27.343	-15.0231	-28.3071	-17.8246	-28.9171	-20.8268	-30.4101	-22.8035	-31.6888	-24.9385	-32.0155	-27.7971	-32.3548	-30.4932	-32.487	-33.2031	-33.4485	-35.2598	-33.4893	-37.8182	-34.2572	-39.8878	-34.6769	-42.0969
it01	1.1639	29/11/2016 15:22:01	Dico paca lentamente	a	47.1538	-4.9206	*	*	*	*	*	*	*	*	*	*	31.6531	-0.1874	29.0169	0.2658	26.2937	0.1788	23.7711	1.1866	21.2473	2.6993	18.6485	4.6023	15.9176	6.8335	13.0256	8.4918	9.9874	10.322	6.946	10.5509	3.8272	11.0392	0.3579	13.0693	-3.1953	14.5214	-6.9047	15.8855	-9.8072	13.9907	-12.8039	12.6001	-15.2279	9.826	-17.6796	7.4492	-19.515	4.0274	-20.5756	-0.4528	-21.2045	-5.1247	-21.7748	-9.3478	-22.9014	-12.3348	-24.0894	-15.008	-25.1478	-17.6641	-26.0752	-20.3026	-27.1502	-22.6385	-28.0712	-25.0185	-28.9404	-27.3418	-29.7243	-29.6454	-30.4902	-31.8789	-31.1742	-34.1	-32.2801	-35.9918	-32.7534	-38.2396	-33.5582	-40.252	-33.7461	-42.5358
it01	1.1711	29/11/2016 15:22:11	Dico pucu lentamente	u	*	*	*	*	*	*	*	*	*	*	*	*	*	*	*	*	*	*	*	*	21.4302	4.5105	18.7296	5.9322	15.9228	7.0782	13.027	8.418	10.0401	9.4176	7.0007	9.9933	3.8779	10.6731	0.6509	11.4342	-2.8642	13.0195	-6.4581	14.1845	-10.0291	14.7171	-13.3283	14.101	-16.2167	12.3317	-18.9529	10.3349	-21.1735	7.4152	-23.3093	4.6119	-24.8241	0.9875	-25.9012	-2.9715	-26.8334	-6.7574	-27.2538	-10.8778	-27.8741	-14.3841	-28.087	-18.0689	-27.2504	-22.5357	-25.4488	-27.502	-23.2451	-32.3219	-21.3406	-36.4083	-20.9921	-38.9374	-21.1811	-40.9278	-21.6572	-42.6472	-22.1665	-44.301	-22.529	-45.9979	-23.149	-47.5322
it01	1.2271	29/11/2016 15:22:16	Dico paga lentamente	a	*	*	*	*	*	*	*	*	*	*	*	*	*	*	29.386	1.9187	26.5949	1.8341	23.918	2.2269	21.3496	3.7119	18.7151	5.6945	15.9488	8.302	12.9891	10.4656	9.8642	12.4369	6.7123	12.9292	3.5725	12.8789	0.2147	13.8687	-3.3284	15.1246	-7.0236	16.3385	-10.1297	15.0466	-13.0603	13.3338	-15.6346	10.8566	-18.2645	8.7746	-20.0246	5.0684	-21.4432	1.1545	-21.6621	-4.352	-22.6807	-7.9479	-22.6652	-12.6699	-23.8165	-15.3641	-23.712	-19.3915	-24.7664	-21.7558	-25.5251	-24.3048	-26.9491	-26.0812	-27.8192	-28.3222	-28.3979	-30.7153	-29.0652	-32.9378	-29.4378	-35.2864	-29.7182	-37.5969	-29.8305	-39.913	-30.5989	-41.7937	-31.4773	-43.6055
it01	1.1134	29/11/2016 15:22:31	Dico putu lentamente	u	*	*	*	*	*	*	*	*	*	*	*	*	34.372	10.0571	31.346	10.6952	28.3118	11.2682	25.2436	11.6119	22.1687	11.827	19.097	11.9577	16.0319	12.2213	12.952	12.4692	9.8503	12.6751	6.7244	12.8061	3.5962	12.7073	0.4215	12.7146	-2.7969	12.7143	-5.9907	12.404	-9.0643	11.5584	-11.694	9.4234	-14.1696	7.1441	-16.3699	4.4808	-18.4963	1.9463	-20.5822	-0.4405	-22.2908	-3.2902	-23.4939	-6.6914	-24.4116	-10.1927	-24.5906	-14.3537	-24.4818	-18.4654	-23.057	-23.6538	-21.2939	-28.6432	-19.7047	-32.942	-18.8396	-36.1743	-19.2102	-38.1268	-19.9021	-39.7474	-20.5535	-41.3566	-21.8006	-42.5574	-22.822	-43.9257	-23.8723	-45.298	-24.9135	-46.7003
it01	1.1342	29/11/2016 15:23:03	Dico pudu lentamente	u	*	*	*	*	*	*	*	*	*	*	*	*	34.4167	10.2254	31.3829	10.8608	28.3137	11.2786	25.2319	11.5292	22.151	11.6513	19.0962	11.9441	16.034	12.3236	12.9499	12.5838	9.847	12.7325	6.7476	12.57	3.6402	12.39	0.4722	12.4319	-2.7333	12.4261	-5.9142	12.1125	-9.0444	11.4934	-11.8608	9.9009	-14.2756	7.4125	-16.4403	4.6406	-18.0968	1.1304	-19.6131	-2.2359	-21.6563	-4.3618	-23.5396	-6.6207	-25.3614	-8.8455	-25.5987	-13.038	-24.9582	-17.8922	-22.7833	-23.9577	-20.7089	-29.243	-19.5127	-33.1239	-18.4898	-36.4802	-18.8686	-38.4024	-19.5749	-39.9906	-19.7524	-41.9039	-19.4131	-44.0532	-18.133	-46.6105	-16.9747	-48.8915	-16.6174	-50.6118
it01	1.0275	29/11/2016 15:23:14	Dico pogo lentamente	O	51.1294	2.3976	*	*	*	*	*	*	*	*	*	*	*	*	*	*	*	*	*	*	21.4557	4.7635	18.632	4.3318	15.8924	5.6411	13.041	7.661	10.0297	9.596	6.8283	11.7484	3.4644	13.6595	-0.0192	15.1739	-3.591	16.3156	-7.1305	16.7457	-10.4028	15.9408	-13.4744	14.519	-16.1405	12.1386	-18.3168	8.8933	-19.0624	3.1028	-19.5113	-2.4245	-20.2411	-6.7516	-21.8714	-9.1986	-23.3549	-11.6917	-23.8456	-15.3261	-24.5056	-18.4368	-25.3526	-21.105	-26.8065	-22.9909	-28.1263	-24.9664	-28.5326	-27.6983	-28.8885	-30.3196	-29.0538	-32.9463	-29.8254	-35.0216	-30.4563	-37.1344	-31.1513	-39.1568	-31.8939	-41.1191	-32.6318	-43.0611
it01	1.1127	29/11/2016 15:23:25	Dico poto lentamente	O	52.8261	5.5209	*	*	*	*	*	*	*	*	*	*	*	*	31.6016	11.8399	28.4947	12.2733	25.367	12.4859	22.2165	12.3005	19.1098	12.1672	16.0196	11.6415	12.978	11.0644	9.9807	10.4384	6.9747	10.258	3.9546	10.1197	1.0507	9.2034	-1.565	7.1277	-4.0708	5.0907	-6.5209	3.2313	-9.1769	2.2191	-11.7192	0.9342	-13.9842	-0.926	-16.0359	-3.0795	-17.7752	-5.6409	-19.7586	-7.5663	-21.7477	-9.3897	-23.9494	-10.8483	-26.2228	-12.2234	-28.3257	-13.8408	-30.2663	-15.6493	-31.8431	-17.8266	-32.6205	-20.7101	-33.3671	-23.4709	-33.8385	-26.3265	-34.4611	-28.9279	-34.8803	-31.5679	-35.0864	-34.2336	-35.6214	-36.5975	-36.3422	-38.8016	-37.2743	-40.8723
it01	1.6717	29/11/2016 15:24:07	Dico pugu lentamente	u	*	*	*	*	*	*	*	*	*	*	*	*	*	*	*	*	*	*	*	*	*	*	18.7535	6.3247	15.9302	7.4264	13.0207	8.7558	10.0037	10.0433	6.8658	11.3668	3.6075	12.6256	0.283	13.4874	-3.0686	13.9467	-6.4262	14.0628	-9.8052	13.9841	-13.1503	13.5916	-16.2103	12.3156	-18.8423	10.0843	-20.9829	7.0257	-22.7676	3.6082	-23.9912	-0.419	-25.0545	-4.2799	-25.9229	-8.049	-26.7457	-11.5409	-27.3527	-15.0113	-26.9571	-19.3235	-25.8462	-23.9755	-23.5888	-29.2635	-21.7645	-33.6166	-20.4486	-37.1279	-20.21	-39.5186	-20.7577	-41.217	-21.29	-42.8773	-21.7447	-44.5426	-21.9849	-46.2813	-22.4886	-47.8436
it01	1.0728	29/11/2016 15:24:12	Dico pada lentamente	a	52.9101	5.6755	*	*	*	*	*	*	*	*	*	*	34.5309	10.6557	31.5006	11.3876	28.4134	11.8268	25.3332	12.2461	22.225	12.3849	19.1088	12.1512	16.0347	12.3554	12.9593	12.0757	9.9049	11.7379	6.9391	10.6203	4.0084	9.7313	1.4004	7.2523	-1.0508	4.7955	-3.3221	2.2387	-5.9197	1.2631	-8.4284	0.0771	-10.7086	-1.6268	-12.7271	-3.7749	-14.3521	-6.5191	-15.9243	-9.0699	-17.4704	-11.4302	-19.2269	-13.285	-21.0668	-14.9372	-22.9983	-16.432	-24.7586	-18.1323	-26.1344	-20.237	-27.2853	-22.4999	-28.6136	-24.5049	-30.0665	-26.3571	-31.2632	-28.404	-31.8368	-30.8781	-32.4842	-33.205	-33.2242	-35.4003	-33.9101	-37.5773	-34.8332	-39.5878	-35.577	-41.6725
it01	0.9341	29/11/2016 15:24:17	Dico poco lentamente	O	46.8009	-5.5702	*	*	*	*	*	*	*	*	*	*	*	*	*	*	*	*	*	*	21.3402	3.6188	18.5447	2.9008	15.8209	2.2693	13.1494	1.8018	10.4528	2.3364	7.5206	4.701	4.2722	7.8264	0.8315	10.4264	-2.6525	12.0597	-6.0289	12.5494	-9.3748	12.575	-12.6455	12.1468	-15.75	11.149	-18.5565	9.4366	-20.7114	6.4713	-21.8008	1.8171	-22.3465	-3.1962	-22.7845	-7.7876	-23.92	-10.8901	-25.4711	-13.2045	-26.5636	-15.9607	-27.5151	-18.704	-27.8374	-21.9339	-28.8047	-24.3239	-29.8836	-26.517	-30.6333	-28.9121	-31.2005	-31.351	-31.444	-33.9157	-32.0478	-36.1373	-32.5969	-38.3292	-33.7407	-40.1569	-34.8012	-42.0383
it01	1.0342	29/11/2016 15:24:22	Dico pata lentamente	a	52.1496	4.2756	*	*	*	*	*	*	*	*	*	*	*	*	31.2272	10.1636	28.2131	10.7257	25.1647	11.0534	22.1011	11.1573	19.0447	11.0993	16.0057	10.9886	12.9832	10.7837	9.9798	10.4528	6.992	10.0819	4.002	9.7771	1.0474	9.2222	-1.528	6.9598	-3.8426	4.2215	-5.9964	1.5142	-8.4908	0.2557	-10.8964	-1.1508	-12.9176	-3.3432	-14.7187	-5.7702	-16.2468	-8.4724	-17.8998	-10.7052	-19.519	-12.8336	-21.3667	-14.5118	-23.3886	-15.9226	-25.2855	-17.4984	-27.0859	-19.1805	-28.5793	-21.1731	-29.9597	-23.23	-31.1166	-25.4388	-32.139	-27.6975	-33.0983	-29.9407	-33.8928	-32.2426	-34.7979	-34.4143	-35.2801	-36.7929	-35.847	-39.0596	-36.3591	-41.3038
it01	1.0243	29/11/2016 15:24:32	Dico podo lentamente	O	53.2923	6.379	*	*	*	*	*	*	*	*	*	*	*	*	31.4323	11.082	28.4209	11.8676	25.3635	12.4609	22.1867	12.0047	19.0517	11.2137	15.9919	10.3342	12.9935	10.2252	9.9986	10.1312	7.0036	9.9641	4.0384	9.5148	1.0897	8.9858	-1.7898	8.1469	-4.5049	6.7441	-7.2023	5.4622	-9.7283	3.7975	-12.1737	2.0861	-14.363	-0.0674	-16.4354	-2.2634	-18.5977	-4.1171	-20.6295	-6.0957	-22.6674	-7.9685	-24.5734	-9.9633	-26.1982	-12.2555	-27.7073	-14.5848	-29.1081	-16.9352	-30.6042	-19.0969	-31.5735	-21.7016	-31.9835	-24.6808	-32.2349	-27.6201	-32.6932	-30.2417	-33.4996	-32.5113	-33.9436	-34.9496	-33.9618	-37.5477	-34.1344	-39.9518	-34.5785	-42.1433
it01	1.0596	29/11/2016 15:24:42	Dico paca lentamente	a	47.2513	-4.7411	*	*	*	*	*	*	*	*	*	*	*	*	28.958	0.002	26.2655	0.0237	23.6349	0.2223	21.0402	0.6469	18.5102	2.3346	15.8587	4.0519	13.0812	5.4867	10.1759	7.0873	7.1248	8.7302	3.8786	10.668	0.5557	11.9659	-2.9129	13.2407	-6.3972	13.9525	-9.5335	13.0945	-12.3332	11.2529	-14.8002	8.7422	-17.3225	6.6398	-19.3739	3.739	-20.6591	-0.298	-21.3075	-4.9507	-21.4305	-9.8799	-22.2222	-13.2983	-23.1973	-16.1723	-24.4671	-18.4831	-25.4933	-20.9488	-26.4214	-23.3857	-27.6651	-25.4031	-28.7834	-27.4791	-29.8862	-29.5147	-30.627	-31.7772	-31.2098	-34.0758	-31.7784	-36.3061	-32.4578	-38.4088	-33.2025	-40.4373	-33.9172	-42.4551
it01	1.0325	29/11/2016 15:24:52	Dico pucu lentamente	u	*	*	*	*	*	*	*	*	*	*	*	*	*	*	*	*	*	*	*	*	*	*	18.938	9.3505	15.9783	9.6942	12.9926	10.272	9.949	10.9813	6.8056	11.9799	3.4451	13.7987	0.0611	14.7255	-3.4456	15.6563	-6.8278	15.5926	-9.9957	14.6079	-13.2408	13.8506	-16.2137	12.3241	-18.8187	10.0306	-21.1553	7.378	-23.131	4.2814	-24.958	1.2137	-26.3038	-2.3493	-27.3738	-5.991	-27.8676	-10.0766	-27.5283	-14.8001	-26.4159	-19.9244	-24.0933	-25.7728	-21.458	-31.2816	-20.1399	-35.0372	-19.3186	-38.0394	-19.7122	-39.8885	-20.2544	-41.5609	-20.9021	-43.1203	-21.0966	-44.9136	-21.1274	-46.7281	-21.3698	-48.3711
it01	1.068	29/11/2016 15:24:57	Dico paga lentamente	a	47.256	-4.7326	*	*	*	*	*	*	*	*	*	*	*	*	*	*	26.6595	2.1889	24.185	4.1168	21.5314	5.5138	18.7653	6.5184	15.9137	6.6478	13.0554	6.8837	10.1613	7.3391	7.1254	8.7238	3.9389	10.233	0.4202	12.7218	-3.2334	14.6939	-6.6559	14.9378	-9.545	13.1322	-11.7868	9.689	-14.0936	6.9515	-15.9226	3.4672	-17.0231	-1.0629	-17.8504	-5.5016	-18.7889	-9.2038	-20.4504	-11.3944	-21.8856	-13.7758	-23.2694	-16.0782	-24.0981	-18.927	-24.9275	-21.5769	-25.6371	-24.1899	-26.7909	-26.231	-27.8247	-28.3174	-28.8216	-30.3735	-29.3648	-32.7152	-29.7546	-35.07	-29.9012	-37.4822	-30.5127	-39.5224	-31.2604	-41.4491	-32.1229	-43.3011
it01	1.063	29/11/2016 15:25:12	Dico putu lentamente	u	*	*	*	*	*	*	*	*	*	*	*	*	34.0584	8.8756	31.0675	9.4484	28.0606	9.8879	25.0457	10.2105	22.0514	10.6644	19.0407	11.0334	16.015	11.4246	12.9703	11.48	9.916	11.548	6.8455	11.5738	3.7621	11.5094	0.5721	11.8741	-2.6417	12.0106	-5.9069	12.0849	-9.0995	11.6736	-11.9572	10.1768	-14.5135	8.0155	-16.885	5.6482	-18.8911	2.7528	-21.0348	0.3979	-22.8653	-2.3202	-24.2752	-5.484	-25.2116	-9.0579	-25.1907	-13.5705	-24.3946	-18.5703	-23.455	-23.2119	-22.0985	-27.8182	-20.646	-32.0506	-19.7972	-35.3369	-19.1579	-38.169	-19.6784	-39.9136	-20.3187	-41.517	-20.503	-43.3703	-20.5931	-45.2019	-20.9747	-46.8076	-20.8957	-48.5946
it01	1.227	29/11/2016 15:25:46	Dico pudu lentamente	u	*	*	*	*	*	*	*	*	*	*	*	*	*	*	31.2358	10.2021	28.2031	10.6712	25.125	10.772	22.0521	10.6714	19.0246	10.7702	16.0068	11.0383	12.971	11.4388	9.9011	11.8038	6.8266	11.7661	3.7469	11.6191	0.6586	11.3916	-2.4407	11.0988	-5.6461	11.0912	-8.8395	10.8223	-11.7587	9.6086	-14.3202	7.5258	-16.6296	5.0696	-18.5015	1.957	-20.3478	-0.8748	-22.0942	-3.6223	-23.5749	-6.5662	-24.8674	-9.5462	-25.476	-13.1981	-25.7241	-16.9708	-25.508	-20.9324	-25.2891	-24.5467	-23.896	-28.9727	-22.1301	-33.2969	-20.6969	-36.9276	-20.0516	-39.6363	-20.659	-41.2845	-20.5567	-43.3367	-20.2896	-45.3757	-20.0821	-47.2726	-19.6327	-49.1901
it01	1.098	29/11/2016 15:25:57	Dico pogo lentamente	O	*	*	*	*	*	*	*	*	*	*	*	*	*	*	*	*	*	*	23.7786	1.2397	21.1093	1.3323	18.4828	1.8846	15.8626	4.2389	13.0585	6.7165	10.0437	9.356	6.9045	10.9731	3.699	11.9651	0.5137	12.2002	-2.5819	11.7395	-6.2113	13.2444	-10.0136	14.6665	-13.771	15.3678	-16.7244	13.6185	-18.7892	9.9638	-19.6824	4.3692	-20.0333	-1.4575	-20.7652	-5.8666	-22.035	-8.9457	-23.0368	-12.1429	-24.1642	-14.9104	-24.7092	-18.1918	-26.2706	-20.0858	-27.0293	-22.7624	-28.191	-24.9051	-28.3639	-27.8459	-28.7545	-30.4277	-29.2057	-32.8335	-29.8938	-34.9749	-30.3726	-37.1868	-30.9031	-39.299	-31.2884	-41.4345	-31.8538	-43.428
it01	1.0616	29/11/2016 15:26:08	Dico poto lentamente	O	54.502	8.6059	*	*	*	*	*	*	*	*	*	*	*	*	31.9712	13.4951	28.7791	13.836	25.5488	13.7725	22.3862	13.9812	19.1664	13.0961	16.0286	12.0668	12.9745	11.2501	9.9244	11.4033	6.8928	11.0921	4.1535	8.6833	1.4996	6.6988	-1.0674	4.8709	-3.8885	4.396	-6.6104	3.5244	-9.2342	2.3832	-11.6959	0.8753	-14.224	-0.3824	-16.3505	-2.4368	-18.3897	-4.5025	-20.0926	-7.0023	-22.3788	-8.4145	-24.3623	-10.2627	-26.2068	-12.2443	-27.7768	-14.5012	-29.4314	-16.5763	-30.9794	-18.7122	-32.0639	-21.2372	-33.1412	-23.6684	-33.3601	-26.7124	-33.7404	-29.4635	-33.7265	-32.3562	-34.7501	-34.4443	-35.1312	-36.8782	-36.1655	-38.8937	-36.6781	-41.1534
