it02	1.9099	12/12/2016 14:42:09	Dico pugu lentamente	u	48.8980	19.4275	19.7592	81.3215	81.3021	81.5797	46.8629	-19.7664	*	*	*	*	*	*	*	*	*	*	35.5023	-16.1125	33.5654	-15.7459	31.6084	-15.5222	29.6609	-15.3141	27.7094	-15.1988	25.7723	-14.9957	23.8245	-14.9556	21.8634	-13.3234	19.5941	-8.1068	16.7262	-0.9431	13.4157	5.0754	9.9569	8.9331	6.6723	10.2863	3.3687	11.0663	0.1047	11.2712	-3.6364	12.6068	-7.5030	13.7206	-11.1763	13.9007	-14.4798	13.0106	-17.7798	12.0060	-20.8659	10.5312	-23.0547	7.6003	-24.9687	4.4553	-25.7449	-0.0046	-27.1667	-3.2860	-26.8464	-8.3385	-25.9552	-13.5295	-24.2763	-18.9974	-23.8319	-22.8345	-24.6085	-25.3733	-25.9001	-27.4207	-28.0435	-28.8558	-30.2822	-30.3176	-32.4763	-31.9067	-33.7923	-34.0621	*	*
it02	1.2585	12/12/2016 14:42:43	Dico podo lentamente	O	65.4510	53.7338	54.8859	66.9886	25.1102	25.6786	53.1394	-8.4535	*	*	*	*	*	*	*	*	*	*	40.1637	0.8417	37.5960	1.5771	34.9612	2.0149	32.2372	1.8245	29.5223	1.2924	26.8769	0.8056	24.2951	0.6825	21.7296	0.5831	19.1719	0.4461	16.6198	0.2491	14.0792	-0.0507	11.5477	-0.4216	8.9981	-0.7262	6.3769	-0.8220	3.6481	-0.7102	0.9007	-0.7592	-1.8358	-1.0235	-4.5177	-1.5606	-7.2983	-1.9957	-10.0710	-2.5845	-12.8811	-3.2300	-15.5587	-4.2118	-18.2531	-5.2526	-20.7809	-6.6044	-23.1851	-8.1637	-25.2428	-10.1512	-27.0538	-12.3827	-28.4666	-14.9577	-29.7187	-17.5939	-30.9295	-20.1809	-31.6668	-23.0551	-31.8073	-26.2348	-32.4571	-28.9280	-34.5777	-30.6786	*	*	-39.3325	-34.1922
it02	1.4233	12/12/2016 14:44:12	Dico pata lentamente	a	65.7224	59.8439	60.1619	68.0993	33.2933	32.9259	*	*	*	*	*	*	*	*	*	*	*	*	39.9901	0.2103	37.4944	1.1407	34.9520	1.9669	32.2507	1.9146	29.5489	1.5343	26.8899	0.9915	24.3019	0.9074	21.7273	0.8256	19.1607	0.6729	16.6041	0.4249	14.0579	0.1140	11.5104	-0.2021	8.8667	-0.1043	6.1358	0.1308	3.2379	0.6769	0.3670	0.8130	-2.4658	0.6154	-5.2680	0.1816	-8.0773	-0.3680	-10.9442	-0.9318	-13.6095	-1.9745	-16.1217	-3.3246	-18.4749	-4.9319	-20.6077	-6.8346	-22.5216	-8.9766	-24.2999	-11.2170	-25.9914	-13.4917	-26.9217	-16.4471	-27.6096	-19.4715	-28.2626	-22.3716	-29.5999	-24.6199	-31.1490	-26.6932	-32.6001	-28.8366	*	*	*	*	-36.2066	-35.7001
it02	1.5438	12/12/2016 14:44:17	Dico pogo lentamente	O	64.4897	-23.2430	21.3547	82.8013	113.8657	115.6029	54.6624	-5.7085	*	*	*	*	*	*	*	*	*	*	*	*	*	*	*	*	*	*	*	*	26.9366	1.6587	24.3315	1.8936	21.7172	1.8789	19.1012	1.8795	16.3946	2.7721	13.5165	4.2959	10.2765	7.0538	6.7012	10.1493	3.0676	12.2562	-0.4980	13.3090	-4.2712	14.4768	-8.3323	15.8783	-12.0689	15.9733	-15.1619	14.4359	-18.0751	12.5649	-20.5188	9.9330	-21.5009	5.1518	-21.5842	-0.4373	-21.9103	-5.1028	-23.6590	-7.5833	-25.3882	-9.9868	-26.0891	-13.3896	-26.2959	-17.0504	-26.7239	-20.2600	-28.7537	-21.9682	-30.8053	-23.7073	-32.4289	-25.8019	*	*	*	*	*	*	-39.4648	-34.1284
it02	1.6130	12/12/2016 14:44:22	Dico paca lentamente	a	65.6512	63.1683	63.4481	81.3341	158.5567	158.7112	55.6237	-3.9759	*	*	*	*	*	*	*	*	*	*	*	*	*	*	*	*	*	*	29.6337	2.3061	26.8746	0.7720	24.2558	-0.6238	21.7367	-0.1518	19.1275	1.3469	16.3520	3.2493	13.3719	5.4134	10.1561	7.7619	6.7276	10.0244	3.2557	11.5127	-0.2535	12.4822	-3.8183	13.1425	-7.1926	12.9131	-10.3360	11.9495	-13.2528	10.4466	-15.8378	8.3303	-18.1884	5.9167	-20.1537	3.0289	-22.0505	0.2368	-23.0920	-3.5317	-24.2264	-6.8881	-24.7441	-10.7149	-26.2985	-13.1711	-27.3949	-15.9909	-28.9395	-18.2875	-30.3969	-20.6184	-32.2216	-22.6351	-34.4060	-24.4251	*	*	*	*	*	*	-41.7714	-33.0157
it02	1.6682	12/12/2016 14:44:28	Dico pudu lentamente	u	68.0020	67.8107	69.3165	83.3024	47.6810	49.3866	55.2937	-4.5707	*	*	*	*	*	*	*	*	*	*	41.1705	4.5038	38.3190	4.6846	35.4452	4.5466	32.5933	4.1939	29.8278	4.0718	27.0997	3.9926	24.3955	4.0185	21.6961	4.0699	18.9937	4.0564	16.2834	4.0175	13.3487	5.5924	10.2286	7.3353	6.7833	9.7606	3.1107	12.0859	-0.8673	14.5576	-4.6794	15.6792	-7.9192	14.8036	-10.8679	13.1846	-13.8432	11.6803	-16.5080	9.5988	-18.9696	7.2630	-21.3415	4.9007	-22.3687	0.6967	-22.9433	-3.7294	-22.2539	-9.3045	-23.3419	-12.2998	-23.3466	-16.2521	-24.1239	-19.1443	-24.0566	-22.6345	-25.2818	-24.8203	-26.8796	-26.6792	-30.0213	-27.4785	*	*	*	*	*	*	-38.6896	-34.5023
it02	1.5302	12/12/2016 14:44:52	Dico poto lentamente	O	65.7175	77.9539	79.0007	67.1117	72.6671	73.1821	53.2389	-8.2742	*	*	*	*	*	*	*	*	*	*	39.9389	0.0240	37.5201	1.2512	34.9190	1.7945	32.2766	2.0872	29.5519	1.5619	26.8906	1.0007	24.2851	0.3495	21.7345	0.0741	19.2064	-0.2525	16.6968	-0.6129	14.1987	-0.9737	11.6410	-0.9701	9.0381	-0.9158	6.2826	-0.4492	3.5509	-0.3816	0.6553	-0.0362	-2.1557	-0.1914	-5.0685	-0.2815	-7.9131	-0.7109	-11.2644	-0.3257	-14.6003	-0.2671	-17.7785	-0.7138	-20.2946	-2.3014	-22.4742	-4.3531	-24.5575	-6.4825	-26.5232	-8.7039	-28.3241	-11.0569	-30.0232	-13.4570	-30.1903	-17.1740	-31.5519	-19.6696	-32.9022	-22.1199	-35.6653	-23.5482	-36.6496	-26.2491	-37.8915	-28.7419	-39.4567	-31.0468	-41.3229	-33.2320
it02	1.4861	12/12/2016 14:45:04	Dico putu lentamente	u	67.1828	54.2221	55.3265	78.6551	4.9698	5.7991	*	*	*	*	*	*	*	*	*	*	*	*	41.0005	3.8854	38.2239	4.2759	35.4309	4.4719	32.5965	4.2149	29.8200	4.0005	27.0750	3.6383	24.3829	3.5992	21.7018	3.4777	19.0264	3.3949	16.3437	3.3426	13.6325	3.4005	10.6943	4.5966	7.4874	6.4268	4.0649	8.3148	0.5875	9.6386	-2.9259	10.5135	-6.4588	11.0040	-9.7417	10.5695	-12.7626	9.4223	-15.6770	8.0259	-18.3364	6.1717	-21.1131	4.5407	-23.3842	2.1648	-24.2270	-2.0227	-23.7291	-7.4973	-23.1751	-12.4884	-24.2313	-15.3287	-26.8099	-16.5549	-28.6868	-18.5125	-29.0941	-21.6885	-28.2110	-25.6712	-28.2218	-28.7316	-29.8379	-30.6015	-31.9291	-32.2264	*	*	-35.5233	-36.0298
it02	1.5032	12/12/2016 14:45:14	Dico pada lentamente	a	67.8711	64.0917	64.8711	67.6702	6.2760	6.2742	56.4141	-2.5513	*	*	*	*	*	*	*	*	*	*	40.7470	2.9631	38.0943	3.7188	35.3828	4.2203	32.5905	4.1748	29.7919	3.7446	27.0412	3.1554	24.3585	2.7883	21.7098	2.6406	19.0706	2.4990	16.4355	2.3144	13.8052	2.0657	11.1480	1.9287	8.4778	1.7373	5.8017	1.4512	3.1668	0.9171	0.5546	0.2603	-2.0586	-0.4440	-4.7095	-1.1152	-7.3277	-1.9342	-9.8605	-2.9829	-12.2547	-4.3095	-14.5843	-5.7473	-16.7756	-7.3885	-18.7089	-9.3591	-20.5385	-11.4060	-22.0730	-13.7342	-23.6061	-15.9813	-24.9315	-18.3658	-26.2691	-20.6649	-27.0196	-23.3927	-27.7584	-26.0139	-29.3128	-27.9719	-32.2303	-29.0729	*	*	*	*	-40.7526	-33.5071
it02	1.5691	12/12/2016 14:45:25	Dico poco lentamente	o	49.9531	29.5675	29.3729	80.8941	118.6646	118.2288	56.5452	-2.3150	*	*	*	*	*	*	*	*	*	*	*	*	33.4652	-16.1765	31.4601	-16.2980	29.5785	-15.8620	27.8186	-14.2047	26.0842	-10.5345	24.0778	-6.5401	21.7695	-3.5637	19.2880	-1.9048	16.4565	2.0791	13.3142	5.8595	10.0531	8.3675	7.1280	8.1284	4.0007	8.5688	0.4403	10.1362	-3.3976	11.9031	-7.0068	12.4297	-10.1295	11.4700	-12.9793	9.8751	-15.8025	8.2636	-18.7559	6.8947	-21.3303	4.8831	-23.9280	2.9509	-25.4640	-0.3780	-26.9005	-3.6122	-27.8328	-7.2235	-29.1870	-10.1562	-30.0094	-13.4704	-30.2644	-17.1081	-30.5148	-20.5216	-30.9871	-23.5696	-31.9236	-26.1538	-33.8077	-28.0649	-36.4406	-29.5899	*	*	-41.9566	-32.9263
it02	1.2718	12/12/2016 14:45:36	Dico pucu lentamente	u	57.1060	-112.3993	115.1778	79.8771	63.6776	63.7275	49.7049	-14.6438	*	*	*	*	*	*	*	*	*	*	36.7542	-11.5592	34.7916	-10.4757	32.7503	-9.5492	30.6594	-8.6715	28.5491	-7.5605	26.3870	-6.2028	24.1170	-5.2367	21.7657	-3.1682	19.2776	-1.6939	16.5587	0.9332	13.7578	2.4323	10.8520	3.6695	7.8778	4.5782	4.4522	6.7844	0.6612	9.3892	-3.2534	11.4783	-6.9469	12.2739	-10.7131	12.8251	-14.4152	12.8754	-17.8345	12.1094	-20.8894	10.5716	-23.7580	8.7085	-25.3965	5.0738	-26.0005	0.3352	-25.3911	-5.4612	-24.3519	-11.1582	-23.6773	-15.9069	-23.0348	-20.1942	-23.6510	-22.9956	-24.7144	-25.2863	-26.0286	-27.3235	-25.1301	-30.8845	-22.9428	-35.0073	-21.1768	-38.5102	-22.3538	-40.1511	-23.8576	-41.6573
it02	1.4043	12/12/2016 14:46:32	Dico paga lentamente	a	66.8283	64.6917	65.5749	84.2531	135.1177	136.3387	55.8659	-3.5392	*	*	*	*	*	*	*	*	*	*	*	*	*	*	*	*	32.4719	3.3861	29.7466	3.3331	27.0411	3.1546	24.3723	3.2473	21.7019	3.4618	18.9995	3.9394	16.1909	5.0537	13.0418	7.9632	9.5574	11.2829	5.8264	14.2913	2.1900	15.7242	-1.3756	16.2766	-4.8321	16.1291	-8.1346	15.3639	-11.2952	14.1769	-14.2309	12.4903	-16.7895	10.1317	-18.8727	7.0960	-20.6452	3.8034	-21.7517	-0.1952	-22.2797	-4.6117	-22.5454	-8.9474	-23.2552	-12.3979	-23.8688	-15.7071	-24.4217	-18.8572	-25.0496	-21.7505	-26.3486	-23.9439	-27.7247	-26.0394	-29.6069	-27.7671	-31.8115	-29.3405	*	*	*	*	-38.5236	-34.5824
it02	1.2429	12/12/2016 14:50:53	Dico pugu lentamente	u	56.8477	119.3556	117.5278	83.7540	79.7778	80.0780	47.7861	-18.1023	*	*	*	*	*	*	*	*	*	*	36.1065	-13.9148	34.1336	-13.3039	32.2388	-12.2250	30.3950	-10.4302	28.4339	-8.6085	26.3238	-7.1067	24.1214	-5.0899	21.7540	-1.9530	19.0902	2.1011	16.2394	4.5108	13.2492	6.3611	10.0535	8.3652	6.4637	11.2741	2.7698	13.4330	-0.8060	14.3503	-4.4009	14.8590	-8.0899	15.2475	-11.7434	15.2176	-15.2815	14.6857	-18.3553	13.0951	-21.1007	10.9359	-22.7263	7.0827	-24.3172	3.5135	-24.6375	-1.4770	-25.1321	-5.7786	-25.2353	-10.1597	-25.4928	-14.0120	-24.8717	-18.4234	-23.6913	-22.9598	-23.2892	-26.4571	-23.7884	-29.0193	-24.4634	-31.3488	-23.4732	-34.6684	*	*	*	*	-24.4527	-41.3702
it02	1.4566	12/12/2016 14:51:15	Dico podo lentamente	O	66.2621	76.1548	76.7712	66.5253	46.1946	46.5041	56.9066	-1.6635	*	*	*	*	*	*	*	*	*	*	40.2658	1.2130	37.7644	2.3011	35.0972	2.7266	32.3811	2.7818	29.5942	1.9462	26.9207	1.4312	24.3068	1.0716	21.7271	0.8492	19.1631	0.6253	16.6144	0.3097	14.0877	-0.1164	11.5682	-0.5419	9.0525	-0.9840	6.5317	-1.4337	4.0008	-1.9027	1.2863	-1.8952	-1.4879	-1.9287	-4.3268	-2.0038	-7.0658	-2.4815	-10.0391	-2.6449	-13.1305	-2.8001	-16.1593	-3.2653	-18.8838	-4.3409	-21.3565	-5.8390	-23.6742	-7.5646	-25.7396	-9.5896	-27.6693	-11.7403	-29.0141	-14.4299	-30.3274	-17.0520	-31.4781	-19.7302	-32.7283	-22.2515	-34.2248	-24.5513	-35.8820	-26.7396	*	*	*	*	-40.3376	-33.7073
it02	1.2366	12/12/2016 14:51:32	Dico pata lentamente	a	68.4566	64.0945	64.8160	67.6919	34.4231	34.3893	59.2601	2.5784	*	*	*	*	*	*	*	*	*	*	*	*	37.9055	2.9073	35.2169	3.3525	32.4685	3.3634	29.7774	3.6131	27.1014	4.0159	24.3984	4.1165	21.7135	2.2614	19.0920	2.0664	16.4794	1.8219	13.8726	1.5453	11.2729	1.1944	8.6567	0.8901	5.9828	0.7356	3.3047	0.4510	0.6232	0.0581	-2.2187	-0.0273	-5.1431	-0.1083	-8.0460	-0.4332	-10.6365	-1.5141	-13.1573	-2.7539	-15.5745	-4.1869	-18.0119	-5.6013	-20.2198	-7.3503	-21.9179	-9.7162	-23.3702	-12.2678	-24.7427	-14.7950	-25.8299	-17.4996	-27.0545	-19.9656	-28.2020	-22.4214	-30.1575	-24.1977	-31.8016	-26.2388	*	*	*	*	*	*	*	*
it02	1.5351	12/12/2016 14:51:38	Dico pogo lentamente	O	49.3821	-1.6689	2.4574	82.4687	135.5043	136.3882	46.9873	-19.5421	*	*	*	*	*	*	*	*	*	*	*	*	33.6206	-15.5086	31.6560	-15.2731	29.6838	-15.1615	27.7397	-14.9228	25.9458	-12.5140	24.0258	-8.2650	21.7707	-3.6836	19.1925	0.0293	16.4123	2.5733	13.3266	5.7632	10.0384	8.4542	6.5959	10.6478	3.1254	12.0278	-0.4662	13.2015	-4.3160	14.6089	-8.0633	15.1783	-11.4975	14.6465	-14.0829	12.1811	-16.6124	9.7965	-18.9247	7.1857	-21.5202	5.1822	-23.5560	2.4131	-24.8525	-1.1910	-25.7332	-5.0421	-26.1180	-9.1619	-26.8512	-12.5942	-27.7082	-15.6888	-28.8945	-18.3277	-29.8649	-21.0554	-30.4941	-23.9429	-31.8543	-26.2021	-33.6088	-28.1921	*	*	*	*	-38.1133	-34.7803
it02	1.5784	12/12/2016 14:51:43	Dico paca lentamente	a	65.3747	76.3610	76.3654	81.3309	147.6307	148.2067	55.1225	-4.8791	*	*	*	*	*	*	*	*	*	*	*	*	*	*	*	*	32.1372	1.1596	29.4422	0.5637	26.7631	-0.8225	24.2525	-0.7329	21.7330	0.2320	19.0817	2.2742	16.1856	5.1131	13.1465	7.1549	9.9733	8.8370	6.8119	9.6253	3.4311	10.8196	-0.1090	11.9935	-3.4897	12.1745	-6.7756	11.8282	-9.8769	10.8834	-12.9943	9.9066	-15.8761	8.4029	-18.0593	5.6942	-19.9660	2.7331	-20.8419	-1.5103	-22.1754	-4.7503	-23.0880	-8.2827	-24.7137	-10.7492	-25.9467	-13.5383	-26.5630	-16.7929	-26.8966	-20.1062	-27.9184	-22.6544	-30.0111	-24.3085	-33.0512	-25.3686	*	*	*	*	*	*	-39.7471	-33.9922
it02	1.3961	12/12/2016 14:51:50	Dico pudu lentamente	u	68.0092	64.3584	65.8390	76.7411	-6.5131	6.5801	58.3594	0.9550	*	*	*	*	*	*	*	*	44.1236	4.4922	41.3613	5.1976	38.5558	5.7024	35.5642	5.1689	32.6672	4.6853	29.8068	3.8807	27.0913	3.8720	24.3932	3.9430	21.6974	3.9298	19.0028	3.8726	16.3104	3.7149	13.6031	3.6273	10.7517	4.2594	7.7202	5.3246	4.5278	6.4854	1.1694	7.6710	-2.2825	8.6181	-5.8138	9.3260	-9.0303	8.9178	-11.9796	7.7862	-14.6122	6.0107	-17.0831	4.0119	-19.5373	2.0576	-22.0267	0.2024	-23.3508	-3.1876	-23.8534	-7.3450	-22.8679	-12.8357	-21.2099	-18.4822	-20.0643	-23.0580	-19.9575	-26.2837	-19.3170	-29.7200	-16.8478	-34.2736	-13.8798	-38.7188	-13.0083	-41.3551	-13.5099	-42.9909	-15.2254	-43.9457	-16.4493	-45.2311
it02	1.4447	12/12/2016 14:52:01	Dico poto lentamente	O	66.8316	62.2649	63.3780	68.0771	51.2805	52.0837	56.5168	-2.3661	*	*	*	*	*	*	*	*	*	*	40.6232	2.5131	37.9029	2.8963	35.2018	3.2736	32.5380	3.8259	29.7574	3.4308	27.0077	2.6764	24.3249	1.6729	21.7209	1.4866	19.1234	1.4304	16.5242	1.3197	13.9220	1.1638	11.3022	1.0219	8.6427	0.9565	5.9537	0.8504	3.1375	1.0164	0.1520	1.4462	-2.9850	1.9662	-6.0035	1.8896	-8.9382	1.4311	-11.7602	0.6127	-14.6264	-0.2220	-17.2910	-1.4820	-19.9965	-2.7325	-22.2629	-4.6341	-24.4458	-6.6194	-26.3671	-8.8804	-28.3748	-11.0040	-29.7343	-13.7356	-30.8364	-16.5988	-32.3000	-19.0551	-33.9242	-21.3462	-34.8966	-24.0835	*	*	*	*	*	*	-39.8858	-33.9253
it02	1.3143	12/12/2016 14:52:13	Dico putu lentamente	u	68.4961	88.0471	89.4773	79.1478	10.2856	11.8315	60.4415	4.7078	*	*	*	*	*	*	*	*	43.8956	3.7755	41.1213	4.3249	38.3020	4.6116	35.5043	4.8557	32.8288	5.7607	30.1002	6.5493	27.3236	7.1949	24.4861	7.0288	21.6685	6.9413	18.8535	6.8981	15.9814	7.4011	12.9785	8.4529	9.7259	10.2916	6.3795	11.6726	3.0099	12.4840	-0.2192	12.3664	-3.5015	12.2092	-6.7750	11.8267	-10.0262	11.2303	-13.0643	10.0527	-15.8687	8.3888	-18.4923	6.4404	-20.8399	4.1102	-22.0141	0.1842	-22.7888	-3.9348	-23.1363	-8.2235	-22.7494	-12.9695	-22.1108	-17.5420	-21.4641	-21.7085	-22.8460	-23.7123	-25.0348	-25.0231	-27.7475	-26.0222	-30.6624	-27.0321	-32.7477	-28.7423	*	*	*	*	-38.9000	-34.4008
it02	1.6100	12/12/2016 14:52:26	Dico pada lentamente	a	68.4279	48.3001	49.7266	68.2039	13.9099	13.6205	53.5367	-7.7374	*	*	*	*	*	*	*	*	*	*	40.9667	3.7626	38.2648	4.4516	35.5140	4.9067	32.7231	5.0575	29.8916	4.6516	27.1057	4.0779	24.3841	3.6390	21.7020	3.4538	19.0346	3.2276	16.3841	2.8892	13.7402	2.5679	11.0969	2.2294	8.4314	1.9569	5.7628	1.6048	3.0831	1.2002	0.4120	0.6805	-2.3032	0.1923	-4.9822	-0.4819	-7.7067	-1.1423	-10.2978	-2.1551	-12.7858	-3.3942	-15.0100	-5.0764	-17.1247	-6.8838	-19.2222	-8.6766	-20.6938	-11.2158	-21.8859	-13.9457	-22.9164	-16.7012	-24.2017	-19.0693	-25.6056	-21.2556	-27.0669	-23.3538	-29.2332	-24.8974	-31.4357	-26.4936	-33.4436	-28.2976	*	*	*	*	-40.1871	-33.7799
it02	1.3725	12/12/2016 14:52:37	Dico poco lentamente	o	51.6856	52.7526	52.1462	77.7098	119.6165	119.5578	57.3569	-0.8518	*	*	*	*	*	*	*	*	*	*	*	*	*	*	31.9786	-13.5860	29.7182	-14.9330	27.9102	-13.3715	26.1168	-10.0679	24.0778	-6.5380	21.7726	-3.8844	19.2915	-1.9760	16.6614	-0.2163	13.7461	2.5229	10.7478	4.2823	7.4454	6.6258	4.1808	7.8569	0.7055	9.2397	-2.8641	10.3317	-6.3575	10.7406	-9.7608	10.6139	-12.7628	9.4227	-15.6497	7.9743	-18.3863	6.2577	-21.0433	4.4307	-23.5289	2.3740	-26.1815	0.5759	-27.1918	-3.2553	-28.0854	-6.9381	-28.2746	-11.1086	-29.7966	-13.6755	-30.3947	-16.9921	-31.0310	-20.0975	-32.8522	-22.1578	-35.1389	-23.9148	*	*	*	*	*	*	-40.1693	-33.7885
it02	1.5787	12/12/2016 14:52:49	Dico pucu lentamente	u	81.8829	51.6542	51.5102	80.5670	96.3199	95.9765	56.7376	-1.9682	*	*	*	*	*	*	*	*	*	*	*	*	*	*	*	*	*	*	31.3255	17.6957	27.9421	16.0424	24.6797	13.4653	21.6481	9.0555	18.9078	5.7975	16.3142	3.6726	13.4791	4.5854	10.4298	6.1525	7.1460	8.0434	3.8558	9.1414	0.3594	10.4097	-3.1842	11.2746	-6.7978	11.8858	-10.5366	12.4154	-14.0916	12.1994	-17.4487	11.3792	-20.5380	9.9661	-22.8520	7.2808	-24.5558	3.8585	-25.3108	-0.5818	-26.4019	-4.2229	-26.8382	-8.3479	-26.8429	-12.6029	-25.5323	-17.7865	-24.5347	-22.2089	-23.1996	-26.5306	-20.9260	-31.1863	-18.9489	-35.1889	-18.0051	-38.1623	-19.8800	-39.2681	-21.8647	-40.4114	-23.5426	-41.8092
it02	1.2993	12/12/2016 14:53:07	Dico paga lentamente	a	68.5243	62.7261	63.1143	83.4646	114.8003	116.1320	56.9063	-1.6640	*	*	*	*	*	*	*	*	*	*	*	*	*	*	*	*	*	*	29.7815	3.6503	27.1204	4.2881	24.3847	3.6613	21.7016	3.4992	18.9288	5.3715	15.9362	7.9072	12.6166	11.2484	9.2318	13.1975	5.7001	14.8895	2.1755	15.7815	-1.2664	15.9073	-4.5912	15.4194	-7.7883	14.4629	-10.8385	13.1163	-13.8819	11.7612	-16.8759	10.2951	-19.5255	8.2211	-21.2473	4.7523	-22.2816	0.5709	-22.6964	-4.0577	-22.9356	-8.4694	-23.4074	-12.2259	-24.0642	-15.5032	-25.3355	-17.9763	-26.0747	-20.8379	-27.7297	-22.8094	-29.0420	-25.0422	-30.4864	-27.1546	-29.7703	-30.6448	*	*	-30.2712	-35.9365	-32.0435	-37.7084
it02	1.3841	12/12/2016 14:53:56	Dico pugu lentamente	u	67.6692	258.4333	261.6167	84.8225	64.0687	64.7918	60.7320	5.2313	*	*	*	*	*	*	*	*	*	*	*	*	*	*	*	*	32.8522	5.9163	30.1387	6.8996	27.3786	7.9816	24.5397	8.8106	21.6551	8.3365	18.8437	7.0970	16.0506	6.6262	13.1755	6.9306	9.9565	8.9359	6.4278	11.4437	2.6099	14.0649	-1.2208	15.7529	-5.0296	16.7109	-8.6568	16.7225	-12.0152	15.8487	-15.3252	14.7771	-18.6313	13.6175	-20.9909	10.7466	-22.0564	6.0272	-22.1575	0.3915	-22.7563	-3.9780	-23.3996	-7.9010	-23.7330	-11.8578	-23.9561	-15.6160	-23.0721	-20.1583	-20.7547	-25.5741	-18.0345	-30.7736	-16.7983	-34.3111	-17.7138	-36.0489	*	*	*	*	*	*	-22.3441	-42.3874
it02	1.5158	12/12/2016 14:54:17	Dico podo lentamente	O	66.7329	71.9798	73.2269	65.7455	45.0452	45.5284	59.9834	3.8821	*	*	*	*	*	*	*	*	43.3520	2.0668	40.6861	2.7418	37.9699	3.1841	35.2435	3.4917	32.4708	3.3790	29.6758	2.6886	26.9524	1.8857	24.3150	1.3435	21.7239	1.1805	19.1499	0.8920	16.5961	0.5148	14.0539	0.1450	11.5032	-0.1599	8.9343	-0.4244	6.3410	-0.6800	3.7222	-0.9609	1.1196	-1.4040	-1.5330	-1.8112	-4.3021	-2.0613	-7.0672	-2.4785	-9.9726	-2.7707	-12.7076	-3.5290	-15.7842	-3.8565	-18.5839	-4.7744	-21.2331	-6.0031	-23.3628	-7.9460	-25.2582	-10.1338	-26.9363	-12.5054	-28.4320	-14.9911	-29.3789	-17.8964	-31.0822	-20.0554	-32.0115	-22.7942	-34.9252	-24.0636	*	*	*	*	*	*	-42.8528	-32.4940
it02	1.5095	12/12/2016 14:55:06	Dico pata lentamente	a	69.4913	71.4119	71.9402	69.6426	25.7498	25.7931	56.4455	-2.4946	*	*	*	*	*	*	*	*	*	*	40.8557	3.3588	38.2844	4.5360	35.5646	5.1712	32.7807	5.4403	29.9273	4.9768	27.1159	4.2236	24.3832	3.6098	21.7027	3.3786	19.0346	3.2286	16.3692	3.0566	13.7064	2.8292	11.0398	2.5649	8.3505	2.3401	5.5750	2.3469	2.7935	2.1793	-0.0537	2.0524	-2.9539	1.8854	-5.9603	1.7891	-8.8906	1.3315	-11.5151	0.1488	-13.8826	-1.5039	-16.0572	-3.4262	-18.0685	-5.5194	-19.8896	-7.7894	-21.3943	-10.3576	-23.0095	-12.6756	-24.6630	-14.8781	-26.1957	-17.1470	-28.4646	-18.7103	-30.4003	-20.6156	*	*	*	*	*	*	-31.7709	-32.3189	-31.4647	-35.3011	-30.8685	-38.2752
it02	1.3689	12/12/2016 14:55:12	Dico pogo lentamente	O	50.8147	5.0411	5.0532	84.3777	114.9914	116.7711	57.5196	-0.5587	*	*	*	*	*	*	*	*	*	*	36.7652	-11.5190	34.1388	-13.2817	31.9711	-13.6249	29.9067	-13.6787	27.8949	-13.5116	25.9651	-12.2375	24.0595	-7.1461	21.7479	-1.3183	19.0208	3.5080	16.0957	6.1206	12.9819	8.4264	9.7082	10.3956	6.3057	12.0222	2.7549	13.4921	-1.0808	15.2796	-4.7895	16.0037	-8.2025	15.5404	-11.5277	14.7167	-14.6582	13.3834	-17.8249	12.0914	-20.3175	9.5860	-21.7287	5.5108	-22.5491	0.9576	-23.1929	-3.3976	-24.2806	-6.8217	-25.5179	-9.8402	-26.6659	-12.7877	-28.3259	-15.0934	-29.8074	-17.5149	-30.5389	-20.5017	*	*	*	*	*	*	*	*	-29.6559	-36.2640	-30.4593	-38.4726
it02	1.4358	12/12/2016 14:55:17	Dico paca lentamente	a	68.0738	57.6143	58.4018	82.4928	122.0818	122.6272	55.6680	-3.8960	*	*	*	*	*	*	*	*	*	*	*	*	*	*	*	*	32.3609	2.6480	29.6855	2.7768	26.9215	1.4431	24.2771	0.0840	21.7237	1.2008	18.9971	3.9888	16.0120	7.0585	12.8123	9.7367	9.3908	12.2622	5.8546	14.1580	2.3188	15.2154	-0.9610	14.8746	-4.2106	14.2982	-7.3176	13.2383	-10.4120	12.1262	-13.2322	10.4036	-15.7062	8.0812	-18.2539	6.0296	-20.7216	3.9238	-21.8395	-0.0682	-22.2520	-4.6486	-22.4147	-9.1076	-23.6610	-11.9391	-25.0366	-14.4882	-26.2481	-17.0965	-27.6672	-19.4202	-29.2862	-21.5308	-30.8370	-23.6833	*	*	*	*	*	*	-35.0576	-33.3885	-36.4509	-35.5823
it02	1.2923	12/12/2016 14:55:23	Dico pudu lentamente	u	69.7357	57.3578	58.7883	80.5801	-5.3375	4.6222	59.2639	2.5853	*	*	*	*	*	*	*	*	*	*	41.5920	6.0368	38.7015	6.3284	35.7946	6.3740	32.8987	6.2256	30.0480	6.0750	27.2420	6.0285	24.4577	6.0855	21.6764	6.1156	18.8959	6.0382	16.1182	5.8682	13.3249	5.7766	10.2981	6.9267	7.0818	8.3472	3.5370	10.4010	0.0526	11.4473	-3.4684	12.1118	-6.9512	12.2849	-10.3173	11.9062	-13.4757	10.9124	-16.0812	8.7911	-18.4392	6.3489	-20.7211	3.9230	-21.6044	-0.4080	-22.4142	-4.4328	-22.4136	-9.1089	-23.5843	-12.0259	-24.5235	-15.0238	-25.4919	-17.8255	-26.0785	-20.8345	-25.9029	-24.3100	-26.9802	-26.6031	*	*	*	*	*	*	*	*	-39.3992	-34.1600
it02	1.6030	12/12/2016 14:55:34	Dico poto lentamente	O	68.3811	69.3285	70.8661	68.8358	48.2955	49.7012	60.0597	4.0196	*	*	*	*	*	*	*	*	*	*	40.6822	2.7277	37.8942	2.8590	35.4146	4.3867	32.8222	5.7166	30.0158	5.7816	27.0999	3.9957	24.3450	2.3403	21.7159	2.0056	19.0946	2.0138	16.4685	1.9437	13.8381	1.8117	11.1806	1.7373	8.4551	1.8450	5.7025	1.8432	2.9012	1.8153	0.1282	1.5165	-2.8471	1.6074	-5.8803	1.6035	-9.0007	1.5616	-11.8683	0.8173	-14.7569	0.0028	-17.5651	-1.0502	-20.2370	-2.3847	-22.6632	-4.1017	-24.8766	-6.0916	-27.0344	-8.1260	-28.8609	-10.4966	-30.4966	-13.0006	-31.7578	-15.7786	-32.6549	-18.7635	-33.8553	-21.3983	-36.2380	-23.1495	*	*	*	*	*	*	-45.9800	-30.9854
it02	1.3136	12/12/2016 14:55:46	Dico putu lentamente	u	69.9715	68.3972	70.3282	79.9267	-6.1378	4.7905	61.6044	6.8038	*	*	*	*	*	*	*	*	44.5237	5.7497	41.7242	6.5175	38.7891	6.7051	35.8460	6.6431	32.8917	6.1788	30.0492	6.0851	27.2588	6.2683	24.4654	6.3413	21.6745	6.3145	18.8893	6.1731	16.1077	5.9860	13.3172	5.8358	10.4015	6.3188	7.2924	7.3500	3.9037	8.9518	0.1534	11.1064	-3.4985	12.2005	-7.0354	12.5042	-10.0952	11.3904	-13.0969	10.1208	-16.0670	8.7641	-18.4911	6.4383	-20.6601	3.8270	-21.1423	-1.0761	-21.2049	-6.0406	-21.2036	-10.5913	-22.7422	-12.9778	-24.6282	-14.9144	-25.0723	-18.2300	-25.7352	-21.1402	-26.5702	-23.7618	-27.9417	-25.8752	-28.2469	-28.7141	*	*	*	*	*	*	-28.2883	-39.5199
it02	1.6428	12/12/2016 14:55:57	Dico pada lentamente	a	68.7008	48.0013	48.4279	68.8616	-6.2016	5.9792	52.4603	-9.6777	50.9824	-7.1367	*	*	*	*	*	*	*	*	40.8737	3.4241	38.1849	4.1084	35.4505	4.5744	32.6635	4.6604	29.8583	4.3486	27.1025	4.0326	24.3894	3.8172	21.6983	3.8376	19.0087	3.7532	16.3240	3.5634	13.6400	3.3419	10.9426	3.1365	8.2196	2.9600	5.4892	2.6861	2.7564	2.3047	0.0379	1.7824	-2.6522	1.1003	-5.2731	0.1934	-7.8015	-0.9441	-10.2611	-2.2246	-12.6679	-3.5973	-15.0273	-5.0492	-17.2938	-6.6394	-19.2979	-8.5761	-21.0929	-10.7269	-22.4119	-13.3510	-23.4799	-16.1130	-24.3970	-18.8810	-26.1420	-20.7780	-28.2503	-22.3817	-30.2255	-24.1462	-31.6458	-26.3473	-32.9276	-28.6274	*	*	*	*	-38.8106	-34.4439
it02	1.4155	12/12/2016 14:56:08	Dico poco lentamente	o	66.6586	35.4820	35.1331	78.0807	113.6595	112.6374	58.3553	0.9476	*	*	*	*	*	*	*	*	*	*	*	*	*	*	34.6841	0.5656	32.1835	1.4675	29.5758	1.7789	26.9484	1.8287	24.2778	0.1070	21.7336	0.1660	19.1750	0.3838	16.3820	2.9135	13.5825	3.7866	10.4788	5.8639	7.3462	7.0952	4.0107	8.5289	0.7631	9.0448	-2.3756	8.8926	-5.8168	9.3336	-9.1790	9.2630	-12.4841	8.8403	-15.3736	7.4518	-18.2194	5.9701	-20.9620	4.3026	-23.4126	2.2058	-25.3168	-0.5738	-26.7038	-3.8530	-27.5831	-7.5058	-28.6275	-10.7402	-29.7623	-13.7085	-30.7041	-16.7166	-32.0085	-19.2945	-33.6549	-21.5501	-35.3321	-23.7803	*	*	*	*	*	*	-39.3197	-34.1983
it02	1.5475	12/12/2016 14:56:20	Dico pucu lentamente	u	50.0717	34.0473	33.4903	83.2341	104.8431	105.0222	*	*	*	*	*	*	*	*	*	*	*	*	36.4072	-12.8212	33.8189	-14.6566	31.6386	-15.3645	29.6503	-15.3847	27.7686	-14.6603	26.0771	-10.6356	24.1076	-5.5485	21.7425	-0.7553	19.0971	1.9612	16.2861	3.9881	13.2585	6.2895	10.1126	8.0177	6.7930	9.7146	3.1709	11.8481	-0.5376	13.4428	-4.1851	14.2232	-7.6872	14.1999	-11.2540	14.0812	-14.8694	13.8247	-18.1322	12.6730	-20.6574	10.1719	-22.5467	6.7997	-23.6588	2.5617	-24.4977	-1.6628	-24.1628	-6.9660	-23.5048	-12.1157	-22.1052	-17.5478	-21.8315	-21.3543	-23.2489	-23.3536	-26.5855	-23.7493	-30.3376	-24.0614	-32.9371	-25.4481	-35.8928	-26.7327	-40.1711	-27.4098	*	*	-47.5959	-30.2059
it02	1.3499	12/12/2016 14:56:37	Dico paga lentamente	a	69.7062	60.6928	61.4695	84.3665	118.0217	119.2208	56.8953	-1.6839	*	*	*	*	*	*	*	*	*	*	*	*	*	*	*	*	*	*	30.0054	5.6872	27.1584	4.8325	24.3915	3.8850	21.7013	3.5288	18.9044	5.8665	15.9217	8.0702	12.6712	10.8267	9.3086	12.7457	5.8605	14.1302	2.2450	15.5072	-1.2509	15.8547	-4.8681	16.2351	-8.2191	15.5837	-11.3113	14.2143	-14.1266	12.2725	-16.8462	10.2389	-19.5847	8.3231	-21.2082	4.6905	-21.6337	-0.3657	-21.7463	-5.3208	-22.2762	-9.2772	-23.5524	-12.0619	-24.8037	-14.7312	-26.3144	-17.0326	-27.6967	-19.3940	-29.3444	-21.4830	-30.4009	-24.0135	-32.1891	-25.9689	*	*	*	*	*	*	-38.6792	-34.5073
it02	1.6180	12/12/2016 14:57:57	Dico pugu lentamente	u	73.6752	39.9248	40.1041	82.6516	71.1552	71.4884	56.0409	-3.2240	*	*	*	*	*	*	*	*	*	*	*	*	*	*	*	*	*	*	*	*	27.5618	10.6030	24.5899	10.4780	21.6428	9.6098	18.7932	8.1200	15.9195	8.0941	13.0169	8.1556	9.8967	9.2874	6.6617	10.3365	3.1551	11.9105	-0.2734	12.5496	-4.0899	13.9428	-8.0563	15.1601	-12.1429	16.1452	-15.6165	15.3858	-18.6320	13.6189	-20.8879	10.5691	-22.5921	6.8712	-22.9603	1.5520	-23.4967	-2.9936	-23.0922	-8.2776	-22.3925	-13.3730	-21.2247	-18.4669	-20.3544	-22.7783	-18.3027	-27.7569	-15.3417	-32.9856	-12.8906	-37.2694	-12.8208	-39.4562	-14.5363	-40.3787	-16.4016	-41.3009	*	*	-20.1961	-43.4236
it02	1.4097	12/12/2016 14:58:18	Dico podo lentamente	O	68.0394	49.3673	50.8477	67.5850	44.3507	44.2543	*	*	*	*	*	*	*	*	*	*	*	*	40.8867	3.4716	38.3257	4.7133	35.5446	5.0664	32.6753	4.7395	29.8261	4.0562	27.0594	3.4154	24.3581	2.7762	21.7155	2.0478	19.1034	1.8342	16.5058	1.5260	13.9123	1.2386	11.3148	0.9479	8.7099	0.6384	6.0177	0.5973	3.2747	0.5523	0.4689	0.5128	-2.2700	0.1061	-5.1111	-0.1826	-7.9813	-0.5684	-11.0733	-0.6874	-13.9689	-1.3553	-16.9456	-2.0264	-19.6182	-3.2793	-22.1943	-4.7251	-24.1282	-7.0085	-25.6568	-9.6832	-27.0695	-12.3664	-28.2877	-15.1302	-28.2348	-18.9150	-27.8990	-22.6703	-28.4148	-25.5170	*	*	*	*	*	*	*	*	*	*
it02	1.5055	12/12/2016 14:58:58	Dico pata lentamente	a	67.6530	72.5437	72.8648	69.1487	28.1354	28.1857	56.1042	-3.1098	*	*	*	*	*	*	*	*	*	*	40.6622	2.6550	37.9541	3.1164	35.2109	3.3210	32.5003	3.5754	29.7517	3.3798	27.0400	3.1383	24.3549	2.6703	21.7111	2.5076	19.0790	2.3285	16.4530	2.1175	13.8364	1.8249	11.2324	1.4328	8.5834	1.2372	5.8806	1.1392	3.1006	1.1410	0.1545	1.4391	-2.8914	1.7228	-5.9145	1.6829	-8.6543	0.8378	-11.1226	-0.5941	-13.4551	-2.2408	-15.7733	-3.8736	-18.1150	-5.4523	-20.0768	-7.5404	-21.4866	-10.2446	-22.2739	-13.5070	-23.1739	-16.4324	-25.2714	-18.0381	-27.2901	-19.7559	-29.6655	-21.2192	-31.6942	-23.0344	*	*	*	*	*	*	*	*	-39.8807	-33.9277
it02	1.5294	12/12/2016 14:59:04	Dico pogo lentamente	O	54.7487	73.3138	73.4227	80.6384	136.1787	136.5530	61.9727	7.4676	*	*	*	*	*	*	*	*	*	*	*	*	*	*	32.8968	-8.7829	30.3967	-10.4191	28.3512	-9.3604	26.3674	-6.4831	24.1695	-3.4903	21.7403	-0.5293	18.9912	4.1085	15.8914	8.4097	12.6497	10.9924	9.6643	10.6537	6.6608	10.3406	3.4311	10.8195	0.0642	11.4081	-3.3829	11.8599	-6.8756	12.0884	-10.3825	12.0576	-13.6651	11.3081	-16.7152	9.9911	-19.5530	8.2685	-21.8981	5.7778	-23.7213	2.6521	-25.2881	-0.6119	-26.6593	-3.9076	-27.8981	-7.1497	-28.1017	-11.2890	-25.9586	-17.3756	-22.7665	-23.7830	-20.2372	-28.9641	-20.1837	-31.7482	*	*	*	*	*	*	*	*	-25.6951	-40.7709
it02	1.5505	12/12/2016 14:59:10	Dico paca lentamente	a	67.0445	53.5570	53.6287	80.9699	140.1489	139.5636	*	*	*	*	*	*	*	*	*	*	*	*	*	*	*	*	34.7380	0.8476	32.2526	1.9275	29.5976	1.9773	26.9265	1.5146	24.2853	0.3573	21.7271	0.8415	19.0801	2.3068	16.2822	4.0309	13.3056	5.9252	10.1172	7.9905	6.7791	9.7806	3.3753	11.0401	-0.1641	12.1800	-3.6970	12.7851	-7.0434	12.5250	-10.0212	11.2187	-13.1348	10.2000	-16.1297	8.8828	-18.9535	7.2353	-21.0267	4.4046	-22.1365	0.3612	-22.9502	-3.7202	-24.0615	-7.0901	-25.7463	-9.5820	-27.2010	-12.2292	-27.9251	-15.4797	-29.4557	-17.8280	-31.0830	-20.0548	-33.0899	-21.9778	*	*	*	*	*	*	*	*	-41.6586	-33.0701
it02	1.2698	12/12/2016 14:59:15	Dico pudu lentamente	u	71.2030	43.3545	44.7256	81.8357	-22.0201	22.1709	59.5292	3.0634	*	*	*	*	*	*	*	*	*	*	*	*	39.0237	7.7136	35.9910	7.4016	33.0604	7.3012	30.1768	7.2459	27.3291	7.2743	24.4940	7.2922	21.6645	7.3586	18.8341	7.2913	16.0049	7.1377	13.1523	7.1097	9.8947	9.2991	6.4396	11.3880	2.7463	13.5259	-0.5668	13.5416	-3.9371	13.4924	-7.1860	12.8959	-10.2991	11.8639	-13.2224	10.3832	-16.0532	8.7381	-18.6361	6.6884	-19.9649	2.7314	-21.0789	-1.1676	-20.6791	-6.7396	-21.3354	-10.4297	-21.9525	-13.8703	-23.0553	-16.5562	-22.8326	-20.3892	-20.0130	-26.2343	-15.9912	-32.4521	-12.8824	-37.2756	-11.8308	-40.1456	*	*	*	*	*	*	-19.7597	-43.6341
it02	1.4421	12/12/2016 14:59:26	Dico poto lentamente	O	68.5240	63.7509	65.2045	70.3178	21.7123	22.4582	59.6980	3.3676	*	*	*	*	*	*	*	*	*	*	40.9128	3.5664	38.2777	4.5072	35.5582	5.1378	32.7773	5.4178	29.8878	4.6171	27.0788	3.6934	24.3580	2.7730	21.7110	2.5168	19.0780	2.3485	16.4537	2.1100	13.8381	1.8117	11.2141	1.5402	8.5657	1.3210	5.8246	1.3606	3.0240	1.4000	0.0109	1.8619	-3.1515	2.3994	-6.5611	3.1843	-9.8676	3.3732	-13.0230	3.0029	-15.9338	2.0311	-18.6226	0.6163	-21.0050	-1.2745	-23.2070	-3.3788	-25.3870	-5.4663	-27.7002	-7.3735	-29.3513	-9.9848	-30.7768	-12.7305	-31.7839	-15.7553	-33.3269	-18.2115	-34.6015	-20.8334	*	*	*	*	*	*	*	*	-39.9182	-33.9096
it02	1.3095	12/12/2016 14:59:36	Dico putu lentamente	u	70.2678	70.5346	71.7629	80.4055	-10.2824	9.1110	59.1530	2.3853	*	*	*	*	*	*	*	*	44.9031	6.9421	42.0494	7.7001	39.0763	7.9393	36.0053	7.4763	32.9691	6.6940	30.0526	6.1165	27.2539	6.1976	24.4615	6.2138	21.6758	6.1767	18.8945	6.0665	16.1140	5.9160	13.2812	6.1141	10.2627	7.1348	7.1607	7.9738	3.7326	9.6282	0.1885	10.9878	-3.6257	12.5751	-7.0837	12.6297	-10.2549	11.7613	-13.2370	10.4137	-15.8731	8.3971	-18.1819	5.9055	-19.5228	2.0348	-20.5571	-1.9219	-21.5467	-5.5862	-22.2304	-9.3333	-23.2575	-12.3953	-22.9476	-16.6686	-21.2453	-21.9194	-17.5029	-28.4689	-14.2425	-33.8886	-13.1007	-37.1103	-13.1261	-39.2437	-13.3887	-41.1120	-13.6454	-42.9117	-15.2914	-43.9105	-16.5563	-45.1794
it02	1.1952	12/12/2016 14:59:46	Dico pada lentamente	a	68.2618	64.3913	64.9094	68.7609	0.8398	0.9759	52.7567	-9.1433	*	*	*	*	*	*	*	*	*	*	40.7506	2.9764	38.1878	4.1208	35.4425	4.5325	32.6122	4.3194	29.8125	3.9326	27.0803	3.7151	24.3852	3.6760	21.7006	3.6012	19.0243	3.4374	16.3546	3.2207	13.6918	2.9421	11.0202	2.6805	8.3303	2.4358	5.6023	2.2391	2.8666	1.9321	0.1497	1.4532	-2.5127	0.7376	-5.1521	-0.0873	-7.7188	-1.1169	-10.2225	-2.2977	-12.5977	-3.7184	-15.0332	-5.0398	-17.3165	-6.6066	-19.1643	-8.7536	-20.7419	-11.1569	-21.8758	-13.9570	-23.0604	-16.5508	-23.9767	-19.2862	-25.2070	-21.6104	-26.2940	-23.9888	-27.4047	-26.2817	-29.0780	-28.1354	-31.6572	-29.4391	*	*	*	*	-38.9593	-34.3722
it02	1.4877	12/12/2016 14:59:57	Dico poco lentamente	o	65.5524	45.9335	46.2641	76.9048	160.0914	158.5260	57.3867	-0.7982	*	*	*	*	*	*	*	*	*	*	*	*	*	*	*	*	32.5486	3.8965	29.7341	3.2189	26.9495	1.8431	24.2672	-0.2446	21.7433	-0.8340	19.2178	-0.4831	16.4994	1.5976	13.5205	4.2652	10.3801	6.4448	7.1232	8.1514	4.1056	8.1541	1.0420	8.1017	-2.3253	8.7442	-5.8470	9.4124	-9.5467	10.1169	-12.9876	9.8925	-16.2942	9.1941	-19.3048	7.8407	-21.5602	5.2452	-23.7319	2.6674	-25.6685	-0.1062	-27.5012	-2.8762	-28.8846	-6.0347	-29.2134	-10.1287	-27.6207	-15.7732	-24.5744	-22.1736	-21.5963	-27.8477	-21.5779	-30.6927	*	*	*	*	*	*	*	*	-27.5327	-39.8844
it02	1.5228	12/12/2016 15:00:10	Dico pucu lentamente	u	77.1022	59.8822	59.8507	87.0395	71.3577	72.8827	*	*	*	*	*	*	*	*	*	*	*	*	*	*	*	*	*	*	*	*	*	*	27.6203	11.4397	24.5551	9.3240	21.6558	8.2542	18.8163	7.6517	15.7842	9.6101	12.5243	11.9616	8.9440	14.8901	5.4290	16.1732	1.5672	18.1855	-2.2566	19.2554	-6.0199	19.6283	-9.4753	18.8521	-12.8891	17.8779	-15.6790	15.5164	-18.0800	12.5742	-19.8754	8.8240	-20.9959	4.3560	-21.7202	-0.2406	-21.7272	-5.3463	-21.6896	-9.9958	-20.4130	-15.6105	-18.1104	-21.7174	-16.3116	-26.6758	-15.5936	-30.1686	-15.1476	-33.1450	-14.8590	-35.7792	-14.4250	-38.3391	-15.3428	-39.8634	-16.4669	-41.2628	*	*	-19.1275	-43.9391
it02	1.5624	12/12/2016 15:00:28	Dico paga lentamente	a	68.0452	46.4340	47.1786	85.7707	119.9966	121.4348	55.8707	-3.5307	*	*	*	*	*	*	*	*	*	*	*	*	*	*	35.0581	2.5220	32.4300	3.1076	29.7937	3.7614	27.1576	4.8211	24.4337	5.2869	21.6810	5.6428	18.8928	6.1023	15.9118	8.1813	12.6661	10.8657	9.0115	14.4926	5.3460	16.5660	1.5946	18.0773	-1.8303	17.8139	-5.2407	17.3329	-8.4459	16.1737	-11.4848	14.6171	-14.3260	12.6891	-17.0391	10.6040	-19.3909	7.9891	-20.6329	3.7840	-20.9898	-1.2966	-21.3356	-5.8669	-21.6699	-10.0200	-22.8137	-12.8969	-23.5059	-16.0859	-25.1758	-18.1303	-27.1230	-19.9047	-29.4945	-21.3597	*	*	*	*	*	*	-34.5855	-30.6740	-35.2643	-33.2785	-35.7957	-35.8983
it02	1.2146	12/12/2016 15:01:07	Dico pugu lentamente	u	57.6254	11.8462	12.0264	83.4968	56.7809	57.0726	48.5508	-16.7240	*	*	*	*	*	*	*	*	38.1008	-14.4393	36.1243	-13.8501	34.2499	-12.8041	32.3703	-11.5371	30.4488	-10.0724	28.5035	-7.9747	26.4441	-5.3864	24.2443	-1.0040	21.7103	2.5895	18.9280	5.3891	16.1104	5.9555	13.1323	7.2645	10.0289	8.5101	6.4495	11.3411	3.0247	12.4258	-0.7769	14.2520	-4.3229	14.6290	-8.0029	15.0213	-11.3378	14.2758	-14.7421	13.5586	-17.9415	12.3120	-20.8474	10.4992	-22.1565	6.1849	-23.2276	1.9384	-24.3331	-1.8817	-26.0520	-4.6516	-26.2144	-9.0529	-26.0046	-13.4778	-24.9839	-18.3152	-23.8635	-22.8065	-20.7585	-28.5359	-16.8740	-34.2538	-14.4552	-38.3181	-13.5161	-41.0306	-14.0386	-42.6819	-15.3646	-43.8715	-16.3757	-45.2665
it02	1.3960	12/12/2016 15:01:28	Dico podo lentamente	O	68.3705	63.2060	64.4860	68.6557	52.6183	52.3080	59.6634	3.3053	*	*	*	*	*	*	*	*	43.9867	4.0617	41.0957	4.2316	38.2904	4.5616	35.5282	4.9810	32.6596	4.6347	29.8149	3.9541	27.0494	3.2724	24.3638	2.9649	21.7090	2.7302	19.0724	2.4620	16.4476	2.1788	13.8252	1.9114	11.2003	1.6212	8.5741	1.2814	5.9327	0.9333	3.2331	0.6929	0.4516	0.5638	-2.4067	0.4617	-5.4911	0.6998	-8.5473	0.6143	-11.6391	0.3836	-14.4414	-0.5408	-17.1537	-1.6984	-19.5713	-3.3470	-21.7577	-5.3057	-23.8086	-7.4000	-26.0612	-9.2261	-28.1810	-11.2062	-29.6428	-13.8237	-30.1678	-17.1941	-30.5347	-20.5052	-31.3522	-23.2932	-32.1588	-25.9900	*	*	*	*	*	*	-31.3418	-38.0469
it02	1.2916	12/12/2016 15:01:45	Dico pata lentamente	a	70.9444	106.1166	107.8278	68.4027	44.5350	44.0184	56.8917	-1.6905	*	*	*	*	*	*	*	*	*	*	41.2899	4.9380	38.9384	7.3469	36.5191	10.1639	33.3855	9.4640	30.1859	7.3295	27.1331	4.4707	24.3614	2.8868	21.7075	2.8828	19.0563	2.7896	16.4105	2.5945	13.7798	2.2625	11.1516	1.9078	8.5305	1.4878	5.9110	1.0192	3.1377	1.0156	0.2845	1.0560	-2.6860	1.1883	-5.4866	0.6894	-8.2076	-0.0957	-10.7798	-1.2428	-13.2861	-2.5319	-15.4262	-4.4205	-17.3868	-6.5049	-19.0916	-8.8503	-20.7605	-11.1341	-22.3979	-13.3669	-24.0062	-15.5637	-25.4834	-17.8337	-27.4174	-19.6426	-28.9787	-21.7833	-31.1365	-23.4566	-32.6408	-25.6544	*	*	*	*	*	*	-38.5422	-34.5734
it02	1.5804	12/12/2016 15:01:50	Dico pogo lentamente	O	57.6569	41.6240	42.7023	84.3658	116.1450	117.3008	58.2614	0.7783	*	*	*	*	*	*	*	*	*	*	*	*	*	*	33.4221	-6.0352	30.8001	-7.7358	28.7526	-5.7089	26.6548	-2.3726	24.3191	1.4804	21.7081	2.8162	18.9106	5.7400	15.8606	8.7545	12.4215	12.7555	8.9857	14.6448	5.5565	15.5696	2.1499	15.8827	-1.3646	16.2394	-5.0133	16.6631	-8.3811	16.0053	-11.6419	14.9818	-14.7083	13.4881	-17.5213	11.5167	-19.8822	8.8358	-21.0233	4.3992	-21.5217	-0.5275	-21.7622	-5.2996	-22.7479	-8.6994	-24.0338	-11.5178	-25.3741	-14.1360	-27.0155	-16.3566	-28.7705	-18.4380	-30.6994	-20.3699	-32.3935	-22.5050	*	*	*	*	*	*	-37.8096	-31.9236	-38.7411	-34.4775
it02	1.4128	12/12/2016 15:01:55	Dico paca lentamente	a	67.2656	32.9566	33.6536	81.9020	113.2289	112.7440	56.5629	-2.2831	*	*	*	*	*	*	*	*	*	*	*	*	*	*	*	*	32.6449	4.5367	29.7818	3.6528	26.9836	2.3322	24.2883	0.4550	21.7254	1.0236	19.0043	3.8430	16.0884	6.2027	12.8777	9.2309	9.7284	10.2771	6.3657	11.7380	3.1354	11.9883	-0.1582	12.1600	-3.5602	12.3821	-6.9074	12.1712	-10.1968	11.6264	-13.1517	10.2355	-15.9949	8.6278	-18.3062	6.1198	-20.3259	3.3002	-21.4529	-0.6271	-22.5679	-4.2285	-23.6995	-7.5336	-24.8016	-10.6499	-26.0347	-13.4464	-27.4938	-15.8955	-29.4868	-17.8003	-30.9944	-20.1275	-32.5604	-22.3787	-33.8426	-24.8175	*	*	*	*	*	*	-38.9622	-34.3708
it02	1.2618	12/12/2016 15:02:01	Dico pudu lentamente	u	71.3691	69.7903	71.6917	82.1065	-35.2383	35.0710	59.8043	3.5593	*	*	*	*	*	*	*	*	45.2649	8.0794	42.3954	8.9587	39.4728	9.6437	36.3167	9.1050	33.2165	8.3393	30.1960	7.4208	27.3490	7.5588	24.5031	7.5952	21.6617	7.6421	18.8204	7.5678	15.9816	7.3991	13.1330	7.2591	10.1156	8.0001	6.7754	9.7980	3.1675	11.8613	-0.4998	13.3150	-3.9151	13.4278	-7.2535	13.0715	-10.0665	11.3238	-12.6610	9.2100	-15.1134	6.9593	-17.8278	5.2953	-19.2838	1.6582	-20.5070	-1.9944	-20.3740	-7.1453	-21.2907	-10.4846	-20.5945	-15.4054	-21.2400	-18.4509	-20.9797	-22.1755	-19.4805	-26.7083	-16.5282	-32.0109	-14.1094	-36.3467	-14.0932	-38.5702	*	*	*	*	*	*	-19.5117	-43.7538
it02	1.2518	12/12/2016 15:02:11	Dico poto lentamente	O	70.8102	63.1657	65.0372	68.5539	66.7416	67.1503	58.8954	1.9211	*	*	*	*	*	*	*	*	*	*	42.6992	10.0637	39.5200	9.8467	36.4733	9.9240	33.4234	9.7163	30.2146	7.5904	27.1607	4.8648	24.3484	2.4550	21.7144	2.1693	19.0959	1.9856	16.4840	1.7706	13.8683	1.5784	11.2572	1.2868	8.6313	1.0105	5.9136	1.0088	3.1356	1.0225	0.2868	1.0494	-2.6848	1.1852	-5.7500	1.3008	-8.9112	1.3746	-11.9301	0.9343	-14.7725	0.0298	-17.4887	-1.1705	-19.9576	-2.7887	-22.4626	-4.3684	-24.7662	-6.2268	-27.0495	-8.1090	-29.2117	-10.1305	-30.7648	-12.7421	-32.1736	-15.4084	-33.3814	-18.1667	-34.9874	-20.5413	*	*	*	*	*	*	*	*	-39.2361	-34.2387
it02	1.2359	12/12/2016 15:02:22	Dico putu lentamente	u	69.4735	78.4384	79.1797	80.1900	2.4582	3.0078	60.4651	4.7502	*	*	*	*	*	*	*	*	44.7211	6.3702	41.8945	7.1370	38.9315	7.3172	35.8346	6.5836	32.8678	6.0202	30.0104	5.7325	27.2210	5.7281	24.4482	5.7702	21.6800	5.7384	18.9183	5.5851	16.1564	5.4410	13.3629	5.4829	10.3821	6.4331	7.2749	7.4330	3.7784	9.4472	0.1796	11.0179	-3.5632	12.3909	-6.9250	12.2168	-9.9467	11.0457	-12.8696	9.6460	-15.6666	8.0064	-18.1979	5.9331	-20.3594	3.3531	-21.4488	-0.6330	-22.5621	-4.2362	-23.4224	-7.8730	-24.5728	-10.9085	-25.4421	-14.0650	-25.1308	-18.1736	-24.4581	-22.2771	-24.4479	-25.5052	-26.0609	-27.2990	-29.6065	-27.7673	*	*	*	*	*	*	-39.9464	-33.8961
it02	1.3667	12/12/2016 15:02:32	Dico pada lentamente	a	70.1151	41.2581	42.2414	69.7385	-11.7182	11.9944	58.0646	0.4237	*	*	*	*	*	*	*	*	44.2366	4.8472	41.4581	5.5496	38.6232	5.9920	35.7503	6.1425	32.8742	6.0627	30.0220	5.8379	27.2079	5.5398	24.4354	5.3450	21.6848	5.2463	18.9408	5.1298	16.2018	4.9320	13.4675	4.6746	10.7420	4.3167	8.0229	3.8913	5.3026	3.4237	2.5919	2.8612	-0.1067	2.2086	-2.7839	1.4431	-5.4256	0.5477	-7.9965	-0.5366	-10.4574	-1.8531	-12.7905	-3.3860	-15.0427	-5.0250	-17.3208	-6.6004	-19.0506	-8.9048	-20.6102	-11.3181	-22.0334	-13.7789	-23.4115	-16.1844	-24.6865	-18.6020	-26.1300	-20.7887	-28.1371	-22.4748	-30.7521	-23.7475	*	*	*	*	*	*	-34.6911	-33.5836	-35.4999	-36.0410
it02	1.2525	12/12/2016 15:02:44	Dico poco lentamente	o	65.5637	56.8254	56.7960	81.0442	137.0728	136.9172	61.2997	6.2546	*	*	*	*	*	*	*	*	*	*	*	*	*	*	*	*	32.2586	1.9674	29.5149	1.2257	26.9466	1.8028	24.3318	1.9033	21.7158	2.0171	19.0738	2.4344	16.3435	3.3445	13.3499	5.5833	10.1179	7.9865	6.7482	9.9269	3.3532	11.1273	-0.0823	11.9032	-3.6561	12.6648	-7.0120	12.4432	-10.1936	11.6189	-13.1047	10.1371	-15.9373	8.5187	-18.6318	6.6809	-21.5898	5.2919	-23.7303	2.6651	-25.0052	-0.9881	-25.5729	-5.2385	-26.5816	-8.6379	-28.0162	-11.3783	-29.4978	-13.9635	-31.1988	-16.2762	-32.8314	-18.6185	-34.1508	-21.1746	-35.0438	-23.9810	-35.9554	-26.6927	*	*	*	*	-40.0964	-33.8237
it02	1.4475	12/12/2016 15:02:55	Dico pucu lentamente	u	68.2429	53.4504	52.8437	85.1485	89.5380	89.9312	*	*	*	*	*	*	*	*	*	*	*	*	*	*	*	*	*	*	32.2896	2.1737	29.7762	3.6020	27.1805	5.1479	24.4415	5.5488	21.6708	6.6940	18.8377	7.2168	15.8094	9.3284	12.6867	10.7069	9.3188	12.6857	5.8550	14.1559	2.2782	15.3759	-1.3950	16.3420	-5.1233	16.9870	-8.8329	17.1808	-12.3333	16.5874	-15.3517	14.8324	-18.1369	12.6818	-20.4750	9.8575	-21.2745	4.7951	-21.5789	-0.4449	-21.7162	-5.3608	-22.3454	-9.1925	-22.3353	-13.4376	-22.4718	-17.1652	-23.5607	-19.6873	-25.4513	-21.3929	-27.1559	-23.2807	-28.6024	-25.3750	-29.9198	-27.5492	-31.0441	-29.8308	-32.1425	-32.1017	*	*	-33.9790	-36.7747
it02	1.2260	12/12/2016 15:03:32	Dico paga lentamente	a	68.4262	73.2323	73.8405	84.3315	139.7607	141.6104	64.2801	11.6264	*	*	*	*	*	*	*	*	*	*	*	*	*	*	35.4038	4.3303	32.5817	4.1165	29.7760	3.6008	27.0629	3.4662	24.4017	4.2249	21.6843	5.2917	18.8582	6.8033	15.8959	8.3591	12.5935	11.4268	9.1267	13.8156	5.6538	15.1089	2.2354	15.5450	-1.3436	16.1682	-4.8640	16.2231	-8.0463	15.1343	-10.7583	12.9302	-13.2557	10.4528	-15.5218	7.7324	-17.8032	5.2528	-18.9026	1.0574	-19.1203	-3.9990	-19.0954	-8.8452	-20.1733	-11.8534	-21.4238	-14.4680	-22.6322	-16.9978	-23.6610	-19.5905	-25.2818	-21.5438	-26.8420	-23.5386	-28.2691	-25.6273	-29.6607	-27.7296	-32.2020	-29.0910	-34.8837	-30.4998	*	*	-38.0999	-34.7868
