pl04	1.63	26/05/2017 17:55:20	Mowie poto teraz	O	*	*	*	*	*	*	30.3993	-6.8226	28.6561	-5.9448	26.8964	-5.0474	25.1005	-4.1875	23.2373	-3.5083	21.3152	-3.0541	19.3586	-2.7897	17.3921	-2.6252	15.4267	-2.4808	13.4632	-2.2448	11.4873	-1.8973	9.4743	-1.2296	7.3614	0.0929	*	*	*	*	-0.0499	6.4434	-2.7572	8.0237	-5.4747	9.0423	-8.028	9.0808	-10.4612	8.5862	-12.7901	7.7491	-14.9357	6.4589	-16.8904	4.8089	-18.5325	2.634	-20.006	0.3253	-21.417	-1.9049	-22.898	-3.8639	-24.5155	-5.5136	*	*	*	*	*	*	*	*	*	*	*	*	*	*	*	*	*	*	-37.4748	-23.3224	-38.0459	-25.4857
pl04	1.6113	26/05/2017 17:55:24	Mowie pugu teraz	u	*	*	*	*	*	*	*	*	*	*	*	*	25.4061	-2.942	23.4378	-2.548	21.4496	-2.2752	19.4874	-1.8489	17.5372	-1.1961	15.5535	-0.5719	13.5303	-0.1144	11.4802	0.1883	9.4128	0.3794	7.3334	0.4765	*	*	*	*	*	*	*	*	*	*	*	*	*	*	*	*	*	*	-17.2287	5.563	-19.1462	3.8833	-21.0518	2.2794	-23.0542	0.9134	*	*	*	*	*	*	*	*	*	*	*	*	*	*	-32.9368	-15.989	-32.9019	-18.9168	-33.4027	-21.2174	-34.3011	-23.1123	-35.2277	-24.9478	-36.2864	-26.6673
pl04	1.3284	26/05/2017 17:55:28	Mowie poko teraz	O	*	*	*	*	*	*	*	*	*	*	26.372	-6.9023	24.6278	-6.1135	22.9568	-4.8522	21.1893	-3.7831	19.31	-3.1447	17.3873	-2.6721	15.4396	-2.2858	13.47	-2.0307	11.4867	-1.7433	9.4859	-1.5313	7.4728	-1.4277	5.41	-1.0276	*	*	*	*	-1.907	4.0837	-4.7435	6.1471	-7.5974	7.5961	-10.1058	7.5032	-12.4722	6.8836	-14.7011	5.883	-16.6852	4.3514	-18.5457	2.6608	-19.9687	0.2556	-21.1849	-2.3044	-22.3666	-4.7094	-23.4911	-7.024	*	*	*	*	*	*	*	*	*	*	*	*	*	*	*	*	*	*	*	*	-39.175	-24.7276
pl04	1.2476	26/05/2017 17:55:32	Mowie putu teraz	u	*	*	*	*	*	*	*	*	28.93	-5.0908	27.1409	-4.1824	25.3378	-3.2207	23.487	-2.3119	21.5525	-1.6794	19.5546	-1.3584	17.5366	-1.2021	15.5226	-1.037	13.5055	-0.9025	11.4834	-0.757	9.4532	-0.6764	*	*	5.3933	-0.8731	*	*	*	*	*	*	*	*	-7.9622	8.854	-11.2817	11.0863	-14.2645	11.7638	-16.6713	10.7197	-18.8367	9.1475	-20.8285	7.3085	-22.7381	5.4302	-24.7799	3.8841	*	*	*	*	*	*	*	*	*	*	*	*	*	*	-34.062	-14.9073	-33.4575	-18.4188	-33.1902	-21.3949	-33.6694	-23.6037	-34.7511	-25.2925	-35.9054	-26.9232
pl04	1.317	26/05/2017 17:55:36	Mowie podo teraz	O	*	*	*	*	*	*	*	*	28.154	-7.5101	26.4617	-6.5852	24.7475	-5.6259	22.981	-4.7362	21.1477	-4.0241	19.243	-3.6339	17.3092	-3.4411	15.3748	-3.2613	13.4365	-3.0926	11.4903	-2.807	9.5296	-2.676	7.5597	-2.6142	*	*	*	*	*	*	*	*	-5.1734	7.8492	-8.2275	9.7687	-10.8732	9.8415	-13.2703	9.0566	-15.4364	7.6881	-17.4003	5.9455	-19.0011	3.5879	-20.4154	1.0903	-21.7578	-1.3183	-23.1702	-3.4308	-24.796	-5.1001	*	*	*	*	*	*	*	*	*	*	*	*	*	*	*	*	*	*	*	*	*	*
pl04	1.3237	26/05/2017 17:55:39	Mowie pata teraz	a	*	*	*	*	*	*	30.5606	-6.374	28.7879	-5.5337	27.0261	-4.5885	25.2411	-3.6144	23.39	-2.7765	21.4779	-2.1112	19.5133	-1.6599	17.5264	-1.3023	15.5286	-0.9474	13.5166	-0.5515	11.4804	0.1368	9.3843	1.1233	7.2101	2.1595	4.9333	3.3715	2.5049	4.9272	-0.0306	6.3357	-2.6225	7.3994	-5.2296	8.0717	-7.7246	8.0344	-10.0288	7.2685	-12.2663	6.3228	-14.4223	5.1986	-16.3307	3.5611	-17.8451	1.2343	-19.181	-1.2162	-20.464	-3.5455	-21.7455	-5.6975	-23.2819	-7.3324	-24.9402	-8.7423	*	*	*	*	*	*	*	*	*	*	*	*	*	*	*	*	*	*	-36.6952	-26.3928
pl04	1.3778	26/05/2017 17:55:43	Mowie pogo teraz	O	*	*	*	*	*	*	*	*	*	*	*	*	24.4166	-6.9743	22.7919	-5.6421	21.0868	-4.3774	19.2695	-3.4406	17.3708	-2.8349	15.4309	-2.4169	13.4645	-2.2035	11.4872	-1.8964	9.4804	-1.388	7.4159	-0.6514	5.314	-0.1412	3.0208	1.3393	0.5829	2.9193	-2.0226	4.6195	-4.7952	6.3518	-7.6945	7.9307	-10.486	8.6617	-12.9385	8.1531	-15.3136	7.3866	-17.1979	5.4944	-18.7278	3.0315	-20.0728	0.4501	-21.2229	-2.2391	-22.6127	-4.3178	-24.1776	-6.0119	-25.7096	-7.6889	*	*	*	*	*	*	*	*	*	*	*	*	*	*	*	*	*	*	*	*
pl04	1.3149	26/05/2017 17:55:46	Mowie puku teraz	u	*	*	*	*	*	*	*	*	*	*	26.3811	-6.8701	24.7032	-5.8064	23.0326	-4.4888	21.3331	-2.9505	19.5576	-1.3363	17.6351	-0.2319	15.6377	0.6948	13.5685	1.0974	11.4756	1.5491	9.3561	1.8619	*	*	*	*	*	*	*	*	*	*	*	*	*	*	-10.8582	9.7957	-14.0668	11.2253	-16.9523	11.4094	-19.3383	10.2656	*	*	*	*	-24.3979	3.2265	*	*	*	*	*	*	*	*	*	*	*	*	*	*	*	*	*	*	-34.618	-20.2022	-34.0825	-23.2824	-34.7379	-25.3021	-36.0326	-26.8377
pl04	1.3217	26/05/2017 17:55:49	Mowie pada teraz	a	*	*	*	*	*	*	*	*	28.6371	-6.0039	26.911	-4.9956	25.1428	-4.0152	23.3139	-3.1414	21.4039	-2.5403	19.4403	-2.1929	17.4658	-1.8992	15.4856	-1.594	13.5013	-1.035	11.4816	-0.2242	9.4073	0.5241	7.2375	1.7853	4.9412	3.2988	2.5537	4.5879	0.0356	5.9672	-2.4899	6.785	-4.9633	7.0172	-7.3746	6.8275	-9.7389	6.3854	-12.0529	5.7418	-14.2127	4.6842	-16.1584	3.1771	-17.7082	0.9556	-19.0323	-1.494	-20.356	-3.7313	-21.6447	-5.858	-23.1836	-7.4773	*	*	*	*	*	*	*	*	*	*	*	*	*	*	*	*	*	*	*	*	-38.2527	-25.3469
pl04	0.9621	26/05/2017 17:55:53	Mowie paka teraz	a	*	*	*	*	*	*	*	*	28.2135	-7.3247	26.5702	-6.2012	24.8959	-5.0211	23.1687	-3.8369	21.3641	-2.7707	19.446	-2.1513	17.476	-1.7986	15.4941	-1.466	13.4983	-1.1316	11.4832	-0.7038	9.4265	0.0214	7.3012	0.9156	5.1032	1.8039	2.739	3.2992	0.3105	4.4363	-2.1824	5.3599	-4.7503	6.1738	-7.1869	6.1804	-9.5549	5.8246	-11.8203	5.1084	-13.9222	3.971	-15.8469	2.4827	-17.5773	0.689	-18.9388	-1.6688	-20.1723	-4.0475	-21.4737	-6.1301	-22.6551	-8.2565	-24.032	-9.9857	*	*	*	*	*	*	*	*	*	*	*	*	*	*	*	*	-36.7215	-23.8673	*	*
pl04	1.2139	26/05/2017 17:55:57	Mowie pudu teraz	u	*	*	*	*	*	*	*	*	29.6155	-2.9535	27.6554	-2.3623	25.6903	-1.7843	23.6931	-1.3246	21.6779	-0.9529	19.6506	-0.6572	17.6166	-0.4148	15.5828	-0.1313	13.5379	0.1252	11.4793	0.4479	9.3971	0.7892	*	*	*	*	*	*	*	*	*	*	*	*	-8.6133	11.099	-11.8384	12.7826	-14.6337	12.769	-16.9176	11.3243	-19.0456	9.6132	-20.8857	7.425	*	*	*	*	*	*	*	*	*	*	*	*	*	*	*	*	*	*	*	*	-33.8889	-18.0322	-33.7833	-20.8995	-34.1755	-23.2101	-35.2462	-24.9344	*	*
pl04	1.2979	26/05/2017 17:56:00	Mowie paga teraz	a	*	*	*	*	*	*	*	*	28.7	-5.8078	27.031	-4.5711	25.2973	-3.3853	23.5012	-2.2441	21.5858	-1.4864	19.5902	-1.0978	17.5845	-0.7303	15.5647	-0.4046	13.5398	0.1852	11.4768	1.2016	9.334	2.4393	7.0749	4.0059	4.7131	5.4036	2.2995	6.356	-0.1323	6.9023	-2.5313	6.9767	-4.9313	6.8905	-7.2902	6.5366	-9.6342	6.0663	-11.8451	5.1759	-13.8839	3.877	-15.5915	1.9134	-17.061	-0.3621	-18.4194	-2.6392	-19.8625	-4.5808	-21.2926	-6.4182	-22.8096	-8.0287	*	*	*	*	*	*	*	*	*	*	*	*	*	*	*	*	*	*	-37.1993	-23.5217	-38.2411	-25.3547
pl04	1.4283	26/05/2017 17:56:14	Mowie poto teraz	O	*	*	*	*	*	*	*	*	28.0534	-7.8238	26.3603	-6.9439	24.6562	-5.998	22.8997	-5.1255	21.0814	-4.4081	19.1876	-4.0382	17.2612	-3.9137	15.3398	-3.7885	13.4258	-3.4318	11.4896	-2.5865	9.4736	-1.2093	7.3418	0.3606	5.0796	2.0212	*	*	*	*	*	*	-5.3683	8.6208	-8.183	9.6154	-10.7902	9.5885	-13.2083	8.8878	-15.4774	7.7889	-17.4969	6.1609	-19.1369	3.8645	-20.5026	1.2533	-21.7501	-1.3315	-23.0751	-3.5821	-24.6452	-5.3223	*	*	*	*	*	*	*	*	*	*	*	*	-34.7069	-17.299	-35.4632	-19.4961	-36.3885	-21.4887	*	*	*	*
pl04	1.4745	26/05/2017 17:56:18	Mowie pugu teraz	u	*	*	*	*	*	*	*	*	*	*	*	*	*	*	23.0691	-4.3141	21.238	-3.5013	19.3651	-2.7422	17.5186	-1.3792	15.5574	-0.5137	13.5365	0.082	11.4789	0.5673	9.3978	0.7709	*	*	*	*	*	*	*	*	*	*	*	*	*	*	*	*	*	*	*	*	*	*	-19.9323	5.484	-22.579	5.1329	-24.9875	4.2415	-27.1706	2.9339	*	*	*	*	*	*	*	*	*	*	*	*	*	*	*	*	*	*	*	*	*	*	*	*
pl04	1.0793	26/05/2017 17:56:21	Mowie poko teraz	O	*	*	*	*	*	*	*	*	*	*	*	*	*	*	22.8208	-5.5034	21.1127	-4.227	19.3141	-3.1142	17.3967	-2.5794	15.4399	-2.2822	13.4723	-1.9578	11.4867	-1.7444	9.4908	-1.6601	7.4639	-1.3061	*	*	*	*	*	*	*	*	-4.9619	7.0117	-7.7318	8.0593	-10.4945	8.6875	-12.9582	8.2069	-15.2463	7.2215	-17.07	5.2093	-18.5173	2.6028	-19.7195	-0.21	-20.7425	-3.066	-22.1045	-5.1263	-23.7366	-6.662	*	*	*	*	*	*	*	*	*	*	*	*	-32.6656	-19.1287	*	*	*	*	*	*	-35.829	-26.9745
pl04	1.2198	26/05/2017 17:56:25	Mowie putu teraz	u	*	*	*	*	*	*	*	*	*	*	26.5917	-6.1252	24.9192	-4.9261	23.2179	-3.6011	21.4395	-2.3336	19.5265	-1.5634	17.544	-1.1289	15.5346	-0.857	13.5134	-0.6527	11.4827	-0.5485	9.4465	-0.5025	7.4063	-0.5197	5.3349	-0.3342	*	*	*	*	*	*	*	*	*	*	*	*	-13.4973	9.6749	-16.4494	10.175	*	*	*	*	-22.8198	5.5828	-24.6541	3.6676	*	*	*	*	*	*	*	*	*	*	*	*	*	*	*	*	*	*	-36.3156	-18.784	-35.9418	-21.8361	-36.057	-24.348	-37.0754	-26.1375
pl04	1.168	26/05/2017 17:56:29	Mowie podo teraz	O	*	*	*	*	*	*	*	*	*	*	26.6043	-6.0807	24.7897	-5.4541	22.9615	-4.8294	21.127	-4.1439	19.2317	-3.7164	17.2949	-3.5816	15.3577	-3.5194	13.4274	-3.3804	11.4915	-3.1534	9.5236	-2.5193	7.4826	-1.5624	5.3625	-0.5892	*	*	*	*	*	*	*	*	*	*	-10.5214	8.7696	-13.302	9.143	-15.7607	8.4842	-17.9129	7.0881	-19.7517	5.1161	-21.121	2.4086	-22.2537	-0.4646	-23.406	-3.0558	-24.6104	-5.3737	-26.1159	-7.1327	*	*	*	*	*	*	*	*	*	*	*	*	*	*	*	*	-36.9012	-23.7373	-36.7709	-26.3419
pl04	1.1887	26/05/2017 17:56:32	Mowie pata teraz	a	*	*	*	*	*	*	*	*	29.1454	-4.419	27.2442	-3.817	25.3164	-3.3076	23.3714	-2.8661	21.4171	-2.4638	19.4457	-2.1531	17.4707	-1.8514	15.488	-1.5576	13.4939	-1.2708	11.4842	-0.9842	9.4345	-0.1894	7.2661	1.3948	4.9477	3.239	2.4864	5.0558	-0.0694	6.5516	-2.5756	7.182	-5.0447	7.3398	-7.5135	7.3065	-9.9607	7.0611	-12.2848	6.3732	-14.4307	5.2193	-16.3553	3.616	-17.9179	1.3826	-19.334	-0.9303	-20.8002	-2.9666	-22.3216	-4.7811	-24.0345	-6.2229	*	*	-27.5844	-8.8787	*	*	*	*	*	*	*	*	*	*	*	*	-34.8874	-22.6563	-34.9254	-25.1665	-35.447	-27.231
pl04	1.1921	26/05/2017 17:56:36	Mowie pogo teraz	O	*	*	*	*	*	*	*	*	*	*	25.6925	-9.3062	24.156	-8.0361	22.5917	-6.601	20.9611	-5.1056	19.2137	-3.848	17.3468	-3.0713	15.4204	-2.5749	13.4648	-2.1941	11.4851	-1.2713	9.4316	-0.1127	7.2741	1.2865	4.9701	3.032	2.6048	4.2326	0.2137	4.975	-2.2787	5.8061	*	*	-7.4288	7.0146	-10.0751	7.4095	-12.6429	7.3483	-14.959	6.5162	-17.0164	5.0896	-18.7299	3.0357	-20.1455	0.5859	-21.3826	-1.9641	-22.4897	-4.5135	-23.6892	-6.7318	-24.9917	-8.6717	*	*	*	*	*	*	*	*	*	*	*	*	*	*	*	*	-37.3915	-23.3827	*	*
pl04	1.2999	26/05/2017 17:56:40	Mowie puku teraz	u	*	*	*	*	*	*	*	*	*	*	*	*	24.5784	-6.3151	22.8474	-5.3761	21.144	-4.0458	19.3992	-2.4931	17.5432	-1.1368	15.5987	0.1084	13.5577	0.7546	11.4772	1.0937	9.3795	1.2486	*	*	*	*	*	*	*	*	*	*	*	*	*	*	*	*	-13.5194	9.7349	-16.4642	10.2113	-18.7564	8.9684	-20.7745	7.1987	-22.4232	4.8418	-23.6287	1.9024	*	*	-23.2346	-7.4021	-22.5227	-12.0521	-22.0828	-15.8844	-22.444	-18.4116	*	*	*	*	*	*	*	*	*	*	-33.3267	-23.8703	-35.7128	-24.5969	*	*
pl04	1.2169	26/05/2017 17:56:44	Mowie pada teraz	a	*	*	*	*	*	*	*	*	28.2047	-7.352	26.5405	-6.3062	24.8432	-5.2358	23.0945	-4.1923	21.2519	-3.4205	19.3308	-2.9928	17.3878	-2.6674	15.4266	-2.4827	13.4699	-2.0341	11.4846	-1.1222	9.435	-0.202	7.2946	1.0057	5.0615	2.1884	2.753	3.2019	0.2964	4.5148	-2.2326	5.5925	-4.8364	6.5149	-7.3742	6.8262	-9.8358	6.6805	-12.1554	6.0208	-14.2766	4.841	-16.2419	3.3633	-17.7593	1.0596	-19.0268	-1.5043	-20.3119	-3.8072	-21.6235	-5.8916	-23.1871	-7.4722	-24.9396	-8.7432	*	*	*	*	*	*	*	*	*	*	*	*	*	*	*	*	*	*	-38.1718	-25.4012
pl04	1.1828	26/05/2017 17:56:47	Mowie paka teraz	a	*	*	*	*	*	*	*	*	*	*	*	*	25.0607	-4.3495	23.2876	-3.2672	21.4579	-2.2271	19.5315	-1.5267	17.5534	-1.0366	15.5499	-0.6265	13.5324	-0.0494	11.4781	0.8143	9.3558	1.8689	7.126	3.3086	4.7665	4.9111	2.3247	6.1802	-0.1598	7.0554	-2.6857	7.6923	-5.1399	7.7167	-7.5784	7.5305	-9.9693	7.0872	-12.2312	6.2273	-14.3395	4.9953	-16.2956	3.4829	-17.8249	1.1931	-19.204	-1.1732	-20.6602	-3.2076	-22.0753	-5.1728	-23.7409	-6.6556	-25.4222	-8.0824	*	*	*	*	*	*	*	*	*	*	*	*	*	*	*	*	-36.2059	-24.2402	-36.7207	-26.3756
pl04	1.4168	26/05/2017 17:56:51	Mowie pudu teraz	u	*	*	*	*	*	*	*	*	29.2657	-4.044	27.3236	-3.536	25.3436	-3.1969	23.3948	-2.7537	21.442	-2.3192	19.4544	-2.0895	17.4949	-1.613	15.51	-1.2266	13.5105	-0.7442	11.4802	0.1814	9.3665	1.5891	7.1086	3.546	4.4825	7.5309	1.6404	10.9394	-1.2259	12.9928	-4.0372	13.9555	-6.6598	13.7346	-9.2815	13.4033	-11.8033	12.6756	-14.2254	11.6573	-16.4987	10.296	-18.6122	8.647	-20.5326	6.7061	-22.0714	4.1845	-24.131	2.7671	-25.9042	0.9191	-27.1261	-1.6647	*	*	*	*	*	*	*	*	*	*	*	*	*	*	*	*	*	*	*	*	-45.2085	-20.6759
pl04	1.2624	26/05/2017 17:56:55	Mowie paga teraz	a	*	*	*	*	*	*	*	*	*	*	27.118	-4.2635	25.3637	-3.115	23.5473	-2.0231	21.6184	-1.2974	19.6156	-0.9126	17.6023	-0.5548	15.5812	-0.155	13.5421	0.2577	11.4778	0.9177	9.3604	1.7498	7.1804	2.5659	4.9236	3.4614	2.5889	4.3432	0.1843	5.1389	-2.2952	5.8825	-4.8059	6.3941	-7.2479	6.3907	-9.5876	5.9241	-11.773	4.9798	-13.8244	3.7308	-15.6892	2.1311	-17.2252	-0.0278	-18.6946	-2.1249	-20.1677	-4.0555	-21.6847	-5.7943	-23.4423	-7.0958	-25.1902	-8.4001	*	*	*	*	*	*	*	*	*	*	*	*	*	*	*	*	*	*	-39.447	-24.5449
pl04	1.2375	26/05/2017 17:57:06	Mowie poto teraz	O	*	*	*	*	*	*	*	*	28.0132	-7.9491	26.3428	-7.0055	24.639	-6.068	22.8846	-5.198	21.065	-4.5033	19.1728	-4.1464	17.2569	-3.9562	15.3375	-3.8234	13.4195	-3.6337	11.4913	-3.1081	9.5126	-2.2312	7.4306	-0.8518	5.1835	1.0624	2.8088	2.8139	0.2662	4.6827	*	*	-5.1851	7.8956	-7.9455	8.7964	-10.651	9.1643	-13.1262	8.6643	-15.4576	7.7402	-17.5958	6.3814	-19.2297	4.0535	-20.4779	1.207	-21.6806	-1.4512	-22.9439	-3.7909	-24.5238	-5.5013	-26.3779	-6.774	*	*	*	*	*	*	*	*	*	*	*	*	-36.7077	-18.4565	-37.5315	-20.5996	-38.5218	-22.5651	-39.6136	-24.433
pl04	1.0954	26/05/2017 17:57:09	Mowie pugu teraz	u	*	*	*	*	*	*	*	*	*	*	*	*	*	*	*	*	21.8066	-0.2072	19.7203	-0.1479	17.6216	-0.3649	15.5682	-0.3505	13.5234	-0.336	11.4808	0.0243	9.4142	0.3431	7.2688	1.3577	4.8979	3.6984	2.1388	7.4733	-0.6641	9.8641	-3.4677	11.3161	-6.1991	11.9103	-8.8816	12.0244	-11.5423	11.8803	-14.1253	11.3847	-16.3417	9.9105	-18.4766	8.3447	-20.3683	6.3715	-22.3056	4.622	-24.1255	2.7576	-25.8974	0.9082	-27.7027	-0.8146	*	*	*	*	*	*	*	*	*	*	*	*	*	*	-35.1782	-19.7342	-35.1099	-22.4832	-36.0165	-24.3772	-37.1987	-26.0547
pl04	1.188	26/05/2017 17:57:13	Mowie poko teraz	O	*	*	*	*	*	*	*	*	*	*	*	*	*	*	*	*	21.3328	-2.9518	19.3778	-2.649	17.414	-2.409	15.45	-2.1293	13.4741	-1.9	11.4857	-1.427	9.4511	-0.6218	7.2982	0.9562	4.9966	2.7877	2.5049	4.927	-0.1248	6.8606	-2.7727	8.0954	-5.3973	8.7359	-7.9913	8.9543	-10.4621	8.5887	-12.8901	8.0214	-15.1504	6.9859	-17.1542	5.397	-18.9104	3.4033	-20.261	0.8018	-21.4457	-1.8555	-22.6565	-4.2481	-23.8464	-6.5001	-25.2558	-8.3102	*	*	*	*	*	*	*	*	*	*	*	*	*	*	-36.7252	-21.2268	-37.6818	-23.1727	-38.7253	-25.0295
pl04	1.1313	26/05/2017 17:57:17	Mowie putu teraz	u	*	*	*	*	*	*	*	*	29.4163	-3.5745	27.488	-2.9547	25.2619	-3.5296	23.2723	-3.3407	21.2271	-3.5646	19.2989	-3.2253	17.3647	-2.895	15.4277	-2.466	13.4815	-1.665	11.4866	-1.7117	9.4471	-0.5183	7.2936	1.02	4.2934	9.2759	1.5396	11.6404	-1.1009	12.2964	-3.7606	12.6735	-6.4464	12.8896	-9.0735	12.686	-11.5116	11.7868	-13.8649	10.6756	-16.0442	9.1802	-18.1317	7.576	-19.9154	5.4494	-21.7459	3.5762	-23.2219	1.2022	-24.4236	-1.4366	-26.007	-3.3147	*	*	*	*	*	*	*	*	*	*	*	*	-33.7546	-18.1525	-33.7681	-20.9122	-34.0467	-23.3102	-35.0771	-25.0568	-36.4041	-26.5883
pl04	1.1113	26/05/2017 17:57:20	Mowie podo teraz	O	*	*	*	*	*	*	*	*	28.6168	-6.067	26.785	-5.4415	24.9307	-4.8793	23.0476	-4.4169	21.1346	-4.1001	19.206	-3.9042	17.2745	-3.7824	15.346	-3.6953	13.4233	-3.513	11.4925	-3.442	9.5221	-2.4782	7.4406	-0.9883	5.2484	0.4641	2.8468	2.5494	*	*	*	*	-5.2607	8.195	-8.1544	9.5168	-10.7959	9.6059	-13.4195	9.463	-15.9084	8.8468	-18.0209	7.3289	-19.7727	5.1588	-21.3194	2.7793	-22.5722	0.0836	-23.746	-2.5147	-25.1639	-4.5576	-26.5609	-6.5234	*	*	*	*	*	*	*	*	*	*	*	*	-36.2518	-18.8374	-36.7148	-21.2349	-37.143	-23.5624	-37.8677	-25.6054
pl04	1.1075	26/05/2017 17:57:23	Mowie pata teraz	a	*	*	*	*	*	*	*	*	*	*	27.1306	-4.2189	25.2433	-3.6056	23.3248	-3.0892	21.3824	-2.6647	19.4324	-2.2503	17.4564	-1.9921	15.4784	-1.7023	13.4896	-1.4065	11.484	-0.9383	9.4169	0.2725	7.2188	2.0417	4.8692	3.9632	2.377	5.8167	-0.1439	6.9667	-2.6546	7.5483	-5.1398	7.7162	-7.5885	7.5652	-10.0103	7.2123	-12.3411	6.5267	-14.525	5.4507	-16.3905	3.6945	-18.0708	1.6938	-19.3149	-0.9659	-20.4572	-3.5571	-21.8805	-5.4828	-23.3907	-7.172	-25.1332	-8.4781	*	*	*	*	*	*	*	*	*	*	*	*	-35.7034	-19.2955	-36.6724	-21.2679	-37.5662	-23.2563	-38.6895	-25.0536
pl04	1.2007	26/05/2017 17:57:26	Mowie pogo teraz	O	*	*	*	*	*	*	*	*	*	*	*	*	*	*	22.7869	-5.6658	21.0428	-4.6317	19.2668	-3.4603	17.4246	-2.3045	15.4742	-1.7657	13.4904	-1.383	11.4848	-1.1789	9.4456	-0.4786	7.3408	0.3746	5.0963	1.8678	2.6226	4.1089	0.0268	6.0164	-2.6989	7.7537	-5.4543	8.9616	-8.0279	9.0805	-10.6036	9.02	-13.061	8.4868	-15.38	7.5497	-17.5113	6.1929	-19.1713	3.9344	-20.4582	1.1702	-21.6824	-1.448	-22.883	-3.8878	-24.2539	-5.8993	-25.9035	-7.4235	*	*	*	*	*	*	*	*	*	*	*	*	*	*	*	*	*	*	-39.1134	-24.7689
pl04	1.1132	26/05/2017 17:57:30	Mowie puku teraz	u	*	*	*	*	*	*	*	*	*	*	*	*	*	*	*	*	21.934	0.5309	19.8275	0.635	17.6959	0.3665	15.6418	0.7565	13.5673	1.0604	11.4764	1.3336	9.3517	1.9767	7.1508	2.9701	4.7646	4.9285	1.8745	9.3112	-0.9062	11.2119	-3.5671	11.7771	-6.4487	12.8986	-9.0932	12.7538	-11.5942	12.0384	-13.7595	10.3886	-15.8891	8.7994	-17.7306	6.6819	-19.666	4.9416	-21.3222	2.7847	-23.1558	1.0884	-24.8007	-0.8366	-26.6601	-2.3517	-28.7119	-3.5786	*	*	*	*	*	*	*	*	*	*	-33.7976	-18.114	-33.7469	-20.9299	-34.5698	-22.9034	-36.1759	-24.262	-37.9852	-25.5265
pl04	1.1614	26/05/2017 17:57:33	Mowie pada teraz	a	*	*	*	*	*	*	*	*	28.5272	-6.3467	26.8336	-5.2697	25.096	-4.2059	23.2946	-3.2337	21.4092	-2.5096	19.4503	-2.1196	17.4768	-1.7905	15.4924	-1.4921	13.5016	-1.0264	11.4817	-0.2433	9.3905	0.9625	7.1554	2.9069	4.7915	4.6802	2.3306	6.1391	-0.1868	7.2055	-2.6319	7.4429	-5.0709	7.4434	-7.5026	7.2689	-9.8879	6.8393	-12.1562	6.0231	-14.2901	4.8742	-16.2822	3.4531	-17.9385	1.4245	-19.3291	-0.9395	-20.7057	-3.1293	-21.9376	-5.392	-23.2276	-7.4125	-24.7591	-8.9902	*	*	*	*	*	*	*	*	*	*	*	*	*	*	*	*	*	*	-39.1318	-24.7565
pl04	1.1715	26/05/2017 17:57:37	Mowie paka teraz	a	*	*	*	*	*	*	*	*	*	*	*	*	*	*	23.5615	-1.9551	21.5331	-1.7915	19.5229	-1.5893	17.5192	-1.3734	15.5127	-1.1859	13.5047	-0.9276	11.4828	-0.5824	9.4262	0.0299	7.2639	1.4256	4.9633	3.095	2.526	4.7804	-0.0121	6.233	-2.5071	6.8649	-4.9668	7.031	-7.3647	6.7935	-9.7996	6.57	-12.1605	6.0347	-14.3896	5.1184	-16.5109	3.9629	-18.2059	1.9689	-19.583	-0.4651	-20.8122	-2.946	-21.9601	-5.3562	-23.2234	-7.4186	-24.7852	-8.9546	-26.4347	-10.3427	*	*	*	*	*	*	*	*	*	*	*	*	-36.2454	-21.6	-37.2134	-23.5115	-38.3441	-25.2855
pl04	1.2147	26/05/2017 17:57:40	Mowie pudu teraz	u	*	*	*	*	*	*	*	*	29.2505	-4.0913	27.4397	-3.1253	25.58	-2.2335	23.6349	-1.6038	21.6172	-1.3047	19.5932	-1.0765	17.5653	-0.9193	15.4473	-2.1703	13.4805	-1.6952	11.4858	-1.4753	9.4723	-1.1761	7.3444	0.3259	4.8451	4.1858	1.8579	9.427	-1.1809	12.7417	-3.9849	13.7134	-6.7393	14.0492	-9.3598	13.6734	-12.0049	13.2899	-14.3997	12.1318	-16.347	9.9236	-18.4085	8.1929	-20.3316	6.2968	-21.9316	3.9232	-23.7144	2.0499	-25.2843	-0.0673	*	*	*	*	*	*	*	*	*	*	*	*	*	*	*	*	*	*	-37.6943	-20.473	*	*	*	*
pl04	1.4133	26/05/2017 17:57:44	Mowie paga teraz	a	*	*	*	*	*	*	*	*	*	*	*	*	25.2495	-3.5803	23.4103	-2.6798	21.5102	-1.924	19.5364	-1.4913	17.5415	-1.1535	15.5368	-0.8244	13.5213	-0.4022	11.4801	0.2405	9.3861	1.0781	7.1912	2.4184	4.8629	4.0215	2.454	5.281	-0.0048	6.1919	-2.4502	6.6009	-4.8575	6.5985	-7.2777	6.4936	-9.7087	6.2931	-12.0364	5.6968	-14.1648	4.5666	-16.0757	2.9928	-17.6009	0.7371	-18.9334	-1.6789	-20.1842	-4.0271	-21.5128	-6.0678	-23.0363	-7.6945	*	*	*	*	*	*	*	*	*	*	*	*	*	*	-35.8255	-19.1935	-36.8126	-21.1588	-37.8912	-23.0212	*	*
pl04	1.4549	26/05/2017 17:57:57	Mowie poto teraz	O	*	*	*	*	*	*	*	*	28.0126	-7.9509	26.3445	-6.9996	24.6397	-6.0651	22.8878	-5.1827	21.0753	-4.4435	19.1763	-4.1213	17.2526	-3.9981	15.3363	-3.8414	13.4161	-3.739	11.4929	-3.5645	9.5273	-2.6141	7.4505	-1.1237	5.2565	0.3889	2.9537	1.8058	*	*	*	*	*	*	-7.4953	7.2437	-10.4629	8.5914	-13.2155	8.9075	-15.6394	8.1864	-17.7425	6.7083	-19.5712	4.7487	-20.9794	2.144	-22.1509	-0.6415	-23.4169	-3.0383	-24.7482	-5.1706	*	*	*	*	*	*	*	*	*	*	*	*	-35.0002	-17.036	*	*	*	*	*	*	-38.3863	-25.2572
pl04	1.172	26/05/2017 17:58:00	Mowie pugu teraz	u	*	*	*	*	*	*	*	*	*	*	*	*	*	*	23.6055	-1.7443	21.5695	-1.5808	19.497	-1.7787	17.4989	-1.5731	15.5106	-1.2174	13.5031	-0.9799	11.4827	-0.5401	9.404	0.6098	7.0932	3.7569	4.4903	7.4591	1.8761	9.3001	-0.7589	10.3919	-3.4701	11.3276	-6.0844	11.4563	-8.7439	11.5494	-11.2124	10.8751	-13.6794	10.1707	-15.9998	9.0712	-18.1298	7.5716	-20.2341	6.0984	-22.1251	4.2848	-23.9292	2.4197	-25.5359	0.3331	-27.3138	-1.388	*	*	*	*	*	*	*	*	*	*	*	*	*	*	-37.8481	-17.5038	-37.1169	-20.9221	-36.9817	-23.6791	-36.4475	-26.5592
pl04	1.1655	26/05/2017 17:58:04	Mowie poko teraz	O	*	*	*	*	*	*	*	*	*	*	*	*	*	*	22.9763	-4.7588	21.1299	-4.1272	19.3106	-3.1398	17.3217	-3.3177	15.3873	-3.0741	13.4516	-2.6138	11.4876	-2.0004	9.4786	-1.3419	7.4193	-0.6968	5.1921	0.9835	2.3932	5.7041	-0.4612	8.7337	-3.2986	10.5327	-5.9431	10.8967	-8.356	10.2117	-10.8632	9.811	-13.1885	8.8339	-15.6335	8.1719	-17.882	7.0193	-19.9097	5.4379	-20.6185	1.4697	-21.5229	-1.7225	-22.8456	-3.9473	-24.0419	-6.2119	-25.7762	-7.5977	-27.6247	-8.8274	-29.3704	-10.1977	*	*	*	*	*	*	*	*	*	*	*	*	*	*	*	*
pl04	1.2004	26/05/2017 17:58:07	Mowie putu teraz	u	*	*	*	*	*	*	*	*	*	*	26.8335	-5.27	25.1278	-4.0764	23.3566	-2.9367	21.4844	-2.0739	19.5129	-1.6629	17.5149	-1.4154	15.51	-1.2276	13.5011	-1.0439	11.4842	-0.9914	9.4581	-0.8053	7.3476	0.2814	5.0036	2.7226	2.302	6.3383	-0.3621	8.1817	-3.1898	10.0286	-6.0585	11.3536	-8.9457	12.2455	-11.6847	12.3143	-14.3487	11.9929	-16.7108	10.8166	-18.9083	9.3072	-20.9005	7.4553	-22.4233	4.842	-23.8313	2.2512	-24.4172	-1.4468	-27.2621	-1.4642	*	*	*	*	*	*	*	*	*	*	*	*	*	*	-36.2091	-18.873	-35.8033	-21.9439	-35.454	-24.7841	-36.3263	-26.6405
pl04	1.2527	26/05/2017 17:58:11	Mowie podo teraz	O	*	*	*	*	*	*	*	*	28.4739	-6.5127	26.7023	-5.7339	24.8973	-5.0154	23.0599	-4.3583	21.1739	-3.8724	19.241	-3.6483	17.2997	-3.5347	15.3671	-3.3772	13.4305	-3.2824	11.4897	-2.6383	9.4956	-1.7856	7.4239	-0.7601	5.2327	0.6083	2.8935	2.2245	0.2198	4.9415	-2.5419	7.026	-5.4127	8.7966	-8.2712	9.9193	-11.055	10.3956	-13.4578	9.5672	-15.7264	8.4001	-17.7303	6.6812	-19.4321	4.4656	-20.9408	2.072	-22.0483	-0.8181	-23.248	-3.3071	-24.4687	-5.5826	-25.865	-7.4761	*	*	*	*	*	*	*	*	*	*	*	*	*	*	*	*	*	*	-39.5383	-24.4836
pl04	1.0848	26/05/2017 17:58:14	Mowie pata teraz	a	*	*	*	*	*	*	*	*	*	*	27.1151	-4.2737	25.201	-3.7779	23.2592	-3.4034	21.3129	-3.0674	19.3563	-2.806	17.3909	-2.6369	15.4316	-2.4063	13.4649	-2.1928	11.4876	-1.9955	9.4905	-1.6521	7.4085	-0.5503	5.1533	1.341	2.7296	3.3647	0.1714	5.2106	-2.4077	6.404	-4.8711	6.6524	-7.298	6.5634	-9.7118	6.3026	-12.039	5.7039	-14.2303	4.7272	-16.2715	3.4292	-17.9468	1.4413	-19.3822	-0.8402	-20.6522	-3.2214	-21.8593	-5.5165	-23.191	-7.4664	-24.6927	-9.0811	-26.3268	-10.4801	*	*	*	*	*	*	*	*	*	*	*	*	*	*	-37.4948	-23.308	*	*
pl04	1.2128	26/05/2017 17:58:18	Mowie pogo teraz	O	*	*	*	*	*	*	*	*	*	*	*	*	*	*	22.8015	-5.5958	21.1317	-4.1171	19.372	-2.6915	17.4281	-2.2706	15.4542	-2.0673	13.4565	-2.4598	11.4872	-1.8764	9.4984	-1.858	7.5	-1.7991	5.2585	0.3707	2.2947	6.3894	-0.358	8.1594	-2.8929	8.6524	-5.5661	9.4043	-8.1311	9.4365	-10.6448	9.1457	-12.9033	8.0575	-15.0716	6.7926	-17.0811	5.234	-18.8004	3.1794	-19.874	0.0787	-20.6449	-3.2339	-21.6468	-5.8546	-23.3863	-7.1785	-24.6784	-9.1007	-27.0053	-9.6161	*	*	*	*	*	*	*	*	*	*	*	*	*	*	*	*	*	*
pl04	1.1892	26/05/2017 17:58:21	Mowie puku teraz	u	*	*	*	*	*	*	*	*	*	*	26.3444	-6.9999	24.5126	-6.5831	22.7407	-5.887	21.0593	-4.5363	19.5013	-1.7473	17.5002	-1.5602	15.5018	-1.3507	13.5104	-0.7467	11.4819	-0.3146	9.4105	0.4388	7.2775	1.2389	4.9795	2.9451	2.3698	5.8666	-0.2974	7.8217	-3.1921	10.0393	-6.0977	11.5089	-8.867	11.9739	-11.5043	11.7646	-13.9465	10.8978	-16.3331	9.8893	-18.5271	8.4574	-20.413	6.4625	-22.0931	4.225	-23.4838	1.653	-23.8019	-2.4258	-24.4774	-5.5697	-24.7726	-8.9717	-24.7763	-12.4546	-24.8765	-15.527	-25.1317	-18.1907	*	*	*	*	*	*	*	*	-37.0917	-20.9417	-37.0055	-23.6619	-37.4281	-25.9007
pl04	1.108	26/05/2017 17:58:25	Mowie pada teraz	a	*	*	*	*	*	*	*	*	29.0345	-4.7648	27.1624	-4.1064	25.2691	-3.5003	23.3518	-2.9598	21.4133	-2.4857	19.4465	-2.1478	17.4644	-1.9131	15.483	-1.634	13.4971	-1.1682	11.4818	-0.2823	9.4097	0.4605	7.2359	1.808	4.9105	3.5822	2.5337	4.727	-0.0169	6.2593	-2.5815	7.2096	-5.0789	7.475	-7.565	7.4842	-9.9229	6.9458	-12.1958	6.1308	-14.28	4.8494	-16.2636	3.4117	-18.0551	1.6619	-19.5989	-0.4354	-21.0332	-2.5655	-22.1943	-4.9835	-23.335	-7.2541	-24.4093	-9.4691	-25.5943	-11.4129	*	*	*	*	*	*	*	*	*	*	*	*	-35.3056	-22.331	-36.5552	-23.9876	-37.7658	-25.6738
pl04	1.0555	26/05/2017 17:58:28	Mowie paka teraz	a	*	*	*	*	*	*	*	*	*	*	27.2261	-3.8809	25.3834	-3.0346	23.5001	-2.2494	21.5601	-1.6352	19.5783	-1.1848	17.5754	-0.82	15.5617	-0.4496	13.5339	-0.0007	11.4784	0.731	9.3594	1.7763	7.1276	3.2874	4.7716	4.8638	2.3267	6.1664	-0.1759	7.145	-2.6707	7.6229	-5.121	7.6417	-7.5201	7.3292	-9.8656	6.7714	-12.0813	5.8192	-14.1799	4.6036	-16.1086	3.0662	-17.7339	1.0079	-19.1234	-1.3238	-20.3852	-3.6811	-21.7029	-5.7654	-23.0731	-7.6402	-24.4833	-9.3679	-26.0338	-10.8532	*	*	*	*	*	*	*	*	*	*	*	*	-36.1349	-21.6859	*	*	-38.3214	-25.3007
pl04	1.2135	26/05/2017 17:58:32	Mowie pudu teraz	u	*	*	*	*	*	*	*	*	*	*	26.5971	-6.1063	25.7415	-1.5755	23.7086	-1.2504	21.6611	-1.0501	19.6178	-0.8963	17.5927	-0.6499	15.5915	-0.0007	13.5577	0.7553	11.4769	1.1723	9.3564	1.8524	7.1319	3.2275	4.5533	6.878	1.6918	10.5819	-1.22	12.9596	-4.1621	14.5344	-7.0453	15.2608	-9.7252	14.9334	-12.302	14.1951	-14.8499	13.3576	-17.132	11.8507	-19.1975	9.9518	-21.0256	7.7098	-22.6566	5.2779	-23.8694	2.3167	-24.9921	-0.5321	-25.8614	-3.5292	-26.2525	-6.9457	-26.183	-10.6632	-26.2015	-13.9556	-26.3028	-16.8963	-26.7953	-19.2223	*	*	*	*	*	*	-33.3152	-23.8792	-35.2324	-24.9445	-37.0994	-26.1214
pl04	1.0819	26/05/2017 17:58:35	Mowie paga teraz	a	*	*	*	*	*	*	*	*	*	*	*	*	25.2196	-3.7022	23.3627	-2.9076	21.4668	-2.1759	19.517	-1.6326	17.536	-1.2076	15.5385	-0.7983	13.5238	-0.3209	11.4795	0.4166	9.3664	1.5917	7.1455	3.0429	4.798	4.6203	2.347	6.0254	-0.1487	6.9937	-2.6292	7.4304	-5.0858	7.5025	-7.4617	7.1281	-9.7488	6.4153	-11.9503	5.4625	-13.9725	4.0945	-15.6997	2.1547	-17.1821	-0.1155	-18.4867	-2.5135	-19.8059	-4.6783	-21.1442	-6.6543	-22.5839	-8.3615	-24.0581	-9.95	-25.4416	-11.6074	*	*	*	*	*	*	*	*	*	*	*	*	-35.4148	-22.2461	-36.5913	-23.9615	-37.6969	-25.7201
pl04	1.436	26/05/2017 17:58:47	Mowie poto teraz	O	*	*	*	*	*	*	*	*	28.4668	-6.5349	26.661	-5.88	24.8296	-5.2912	22.9677	-4.7997	21.0654	-4.501	19.1481	-4.3266	17.2307	-4.2137	15.3229	-4.0432	13.4133	-3.8288	11.4917	-3.2149	9.509	-2.1359	7.4727	-1.4271	5.6534	-3.2732	3.4519	-1.6588	0.4806	3.4891	-2.3697	6.2279	-5.4208	8.8286	-8.1355	9.4516	-10.6627	9.2002	-13.2175	8.9129	-15.6484	8.2086	-17.6009	6.3928	-19.3101	4.2171	-20.5734	1.3854	-22.373	-0.2592	-24.0229	-2.0741	-25.4232	-4.1753	-27.0816	-5.8106	*	*	*	*	*	*	*	*	*	*	*	*	*	*	-36.7646	-21.1962	-37.7221	-23.1436	*	*
pl04	1.3071	26/05/2017 17:58:50	Mowie pugu teraz	u	*	*	*	*	*	*	*	*	*	*	*	*	24.4636	-6.7825	22.7675	-5.7588	21.0628	-4.5162	19.2976	-3.2353	17.4246	-2.3046	15.4972	-1.4199	13.5164	-0.5562	11.4818	-0.2895	9.427	0.0083	7.2939	1.0154	4.8886	3.7843	2.0985	7.7534	-0.6452	9.7586	-3.3737	10.8805	-6.1399	11.676	-8.9302	12.192	-11.5438	11.8848	-13.9888	11.013	-16.348	9.926	-18.5712	8.5556	-20.5122	6.6646	-22.2613	4.5393	-23.8908	2.3536	-25.5794	0.4023	*	*	*	*	*	*	*	*	*	*	*	*	*	*	-37.1302	-15.1268	-36.4809	-18.6459	-36.0805	-21.7283	-36.405	-24.0962	-36.6932	-26.3941
pl04	1.1849	26/05/2017 17:58:53	Mowie poko teraz	O	*	*	*	*	*	*	*	*	*	*	*	*	24.2532	-7.6402	22.6513	-6.3155	21.0105	-4.8188	19.246	-3.6119	17.3685	-2.857	15.4348	-2.3587	13.47	-2.0303	11.4859	-1.5099	9.4495	-0.5802	7.3314	0.5029	5.1252	1.6008	2.2524	6.6836	-0.3532	8.1324	-2.91	8.732	-5.4402	8.9058	-8.0029	8.9943	-10.4935	8.6844	-12.8708	7.9688	-15.1017	6.8665	-17.129	5.3408	-18.751	3.0787	-19.7207	-0.2077	-20.5423	-3.4106	-21.903	-5.4471	-23.1573	-7.5161	-25.5439	-7.9158	*	*	*	*	*	*	*	*	*	*	*	*	-35.8555	-19.1684	-36.1383	-21.6833	-36.5607	-23.9836	*	*
pl04	1.2786	26/05/2017 17:58:56	Mowie putu teraz	u	*	*	*	*	*	*	31.6665	-3.2989	29.7182	-2.633	27.7499	-2.0282	25.7395	-1.5836	23.7107	-1.2405	21.6621	-1.0444	19.6221	-0.8653	17.5934	-0.6432	15.562	-0.4451	13.5301	-0.1219	11.4806	0.0873	9.4337	-0.1674	7.3121	0.7665	4.9523	3.1961	2.4043	5.6269	-0.3722	8.238	-3.2057	10.1023	-6.1741	11.8115	-8.9562	12.2817	-11.5729	11.9735	-14.2088	11.6121	-16.7352	10.8765	-18.9347	9.366	-20.9079	7.4703	-22.5313	5.0438	-24.1852	2.8605	-27.4009	3.3003	*	*	*	*	*	*	*	*	*	*	*	*	*	*	-34.6746	-17.3279	-34.2457	-20.5132	-34.3079	-23.1071	-34.8979	-25.1864	-36.0027	-26.8578
pl04	1.2228	26/05/2017 17:59:00	Mowie podo teraz	O	*	*	*	*	*	*	*	*	*	*	26.6716	-5.8428	24.8977	-5.0139	23.1014	-4.1593	21.226	-3.5706	19.2962	-3.245	17.3532	-3.0079	15.4035	-2.8298	13.4523	-2.5913	11.4879	-2.0982	9.4647	-0.977	7.3195	0.6654	5.0536	2.2617	2.6848	3.6763	*	*	*	*	-5.1524	7.7659	-7.9876	8.9415	-10.7729	9.5359	-13.2673	9.0485	-15.4752	7.7833	-17.4454	6.0459	-19.2493	4.0933	-20.7343	1.686	-22.1106	-0.7108	-23.3945	-3.074	-24.6287	-5.3467	-26.0013	-7.2896	*	*	*	*	*	*	*	*	*	*	*	*	-35.1003	-19.7993	-35.5165	-22.1669	-36.1369	-24.2902	-37.0471	-26.1565
pl04	1.197	26/05/2017 17:59:03	Mowie pata teraz	a	*	*	*	*	*	*	*	*	28.536	-6.3193	26.8425	-5.2379	25.1387	-4.032	23.3635	-2.9037	21.504	-1.9605	19.5592	-1.3241	17.5653	-0.9193	15.5525	-0.5869	13.5288	-0.1616	11.4792	0.4876	9.3682	1.5461	7.1399	3.1187	4.7855	4.7354	2.3394	6.0783	-0.146	6.9782	-2.5877	7.2381	-5.0289	7.2772	-7.47	7.1565	-9.8022	6.5781	-12.0803	5.8163	-14.1399	4.5055	-15.9428	2.6965	-17.6118	0.7594	-18.9761	-1.5991	-20.3158	-3.8005	-21.7158	-5.7448	-23.1859	-7.4739	*	*	*	*	*	*	*	*	*	*	*	*	*	*	-35.3092	-19.6247	-36.3551	-21.5147	*	*	-38.5332	-25.1585
pl04	1.2163	26/05/2017 17:59:06	Mowie pogo teraz	O	*	*	*	*	*	*	*	*	*	*	*	*	*	*	22.9981	-4.654	21.2803	-3.2561	19.417	-2.363	17.4763	-1.7957	15.493	-1.4834	13.4977	-1.1513	11.483	-0.6262	9.4187	0.225	7.2896	1.0735	5.1002	1.8313	*	*	*	*	*	*	-5.0206	7.2441	-7.7489	8.1182	-10.4631	8.592	-12.9288	8.1267	-15.2108	7.1343	-17.1881	5.4725	-18.9539	3.4919	-20.5548	1.3507	-21.9167	-1.0447	-23.2967	-3.2295	-24.6707	-5.2849	-25.9862	-7.3103	*	*	*	*	*	*	*	*	*	*	*	*	-36.312	-18.787	-36.9452	-21.0557	-37.7669	-23.1112	-38.4483	-25.2156
pl04	1.2567	26/05/2017 17:59:10	Mowie puku teraz	u	*	*	*	*	*	*	*	*	*	*	*	*	*	*	23.2281	-3.5526	21.451	-2.2673	19.5461	-1.42	17.5206	-1.3599	15.54	-0.7749	13.5353	0.0446	11.4782	0.7755	9.3485	2.0592	7.0643	4.1507	4.3421	8.8274	1.5411	11.6305	-1.1621	12.6372	-3.8197	12.9475	-6.4908	13.0656	-9.0928	12.7527	-11.5235	11.8231	-13.884	10.7277	-16.131	9.3932	-18.1786	7.6804	-20.0099	5.6418	-21.6893	3.4705	-23.2396	1.2326	-24.6623	-1.0569	-25.9289	-3.4298	*	*	*	*	*	*	*	*	*	*	*	*	*	*	-36.3784	-18.7316	-35.8511	-21.9067	-35.5699	-24.7003	-36.4331	-26.5688
pl04	1.1779	26/05/2017 17:59:13	Mowie pada teraz	a	*	*	*	*	*	*	*	*	28.8738	-5.266	27.0471	-4.5141	25.1988	-3.7868	23.3128	-3.1466	21.3985	-2.5712	19.438	-2.2094	17.4648	-1.9095	15.4844	-1.6125	13.4941	-1.2643	11.4834	-0.7463	9.4219	0.1399	7.3095	0.8031	5.0274	2.5035	2.5707	4.4697	0.0296	6.0008	-2.645	7.5036	-5.2236	8.0478	-7.6424	7.7509	-9.9855	7.1365	-12.1775	6.0811	-14.2578	4.7949	-16.1781	3.221	-17.8194	1.182	-19.2134	-1.1556	-20.5382	-3.4176	-21.8848	-5.4759	-23.3808	-7.1865	-25.1274	-8.4861	*	*	*	*	*	*	*	*	*	*	*	*	-35.8415	-19.1801	-36.5569	-21.3577	-37.3026	-23.447	-38.1053	-25.4458
pl04	1.2328	26/05/2017 17:59:17	Mowie paka teraz	a	*	*	*	*	*	*	*	*	*	*	*	*	25.1021	-4.1811	23.32	-3.1122	21.4887	-2.049	19.5512	-1.3827	17.5663	-0.9101	15.5663	-0.3804	13.5388	0.1542	11.4787	0.6429	9.3791	1.2609	7.1608	2.8339	4.8223	4.3958	2.381	5.7888	-0.135	6.9175	-2.6103	7.3432	-5.0243	7.2588	-7.4465	7.0754	-9.8337	6.6739	-12.0699	5.788	-14.1136	4.4408	-16.0421	2.9178	-17.8455	1.2351	-19.2734	-1.0435	-20.6006	-3.3102	-21.8742	-5.4928	-23.1275	-7.5601	-24.6437	-9.1483	*	*	*	*	*	*	*	*	*	*	*	*	*	*	-36.296	-21.5606	*	*	-37.924	-25.5676
pl04	1.2099	26/05/2017 17:59:20	Mowie pudu teraz	u	*	*	*	*	*	*	*	*	29.8004	-2.3768	27.8343	-1.7297	25.8352	-1.1938	23.8028	-0.7993	21.756	-0.5002	19.6994	-0.3004	17.6437	-0.1471	15.6019	0.1559	13.556	0.7006	11.4757	1.5357	9.3216	2.7641	7.0795	3.9437	4.3891	8.3935	1.5004	11.9136	-1.4009	13.9672	-4.2261	14.8307	-7.0633	15.3322	-9.8289	15.291	-12.3331	14.29	-14.7606	13.1146	-17.0962	11.7627	-19.1558	9.8588	-20.7139	7.0752	-22.2556	4.5286	-24.3122	3.079	-25.8678	0.8611	*	*	*	*	*	*	*	*	*	*	*	*	*	*	*	*	-37.4152	-17.8655	-36.9136	-21.0802	-36.5436	-23.996	-36.9708	-26.2077
pl04	1.2549	26/05/2017 17:59:23	Mowie paga teraz	a	*	*	*	*	*	*	*	*	*	*	27.6885	-2.2454	25.7369	-1.5944	23.7797	-0.9101	21.7918	-0.2929	19.7957	0.4026	17.7814	1.2079	15.7167	1.8839	13.6189	2.6972	11.4687	3.6213	9.2482	4.6829	6.9286	6.0044	4.5238	7.1506	2.0465	8.1151	-0.4523	8.684	-2.9202	8.779	-5.4266	8.8518	-7.8982	8.6331	-10.298	8.0888	-12.5978	7.2255	-14.6946	5.8672	-16.5752	4.1061	-18.2469	2.0524	-19.7587	-0.1367	-21.0432	-2.5483	-22.3085	-4.8018	-23.6491	-6.791	-25.0302	-8.6191	-26.6487	-10.0702	*	*	*	*	*	*	*	*	*	*	*	*	-28.9299	-27.2902	-27.6895	-30.4005	-26.3859	-33.3158
pl04	1.026	26/05/2017 17:59:34	Mowie poto teraz	O	*	*	*	*	*	*	*	*	28.2557	-7.1932	26.5483	-6.2786	24.8042	-5.3947	23.0104	-4.5953	21.1453	-4.0383	19.2236	-3.7756	17.2897	-3.6336	15.3557	-3.5485	13.4254	-3.4456	11.4918	-3.2449	9.5156	-2.3081	7.4266	-0.7976	5.1765	1.1274	2.7807	3.0095	0.259	4.7229	-2.4128	6.4275	-5.1096	7.5968	-7.8959	8.6252	-10.677	9.2436	-13.1381	8.6966	-15.5491	7.9649	-17.7758	6.7826	-19.6958	5.0024	-21.1345	2.4339	-22.3706	-0.2634	-23.4718	-2.951	-24.6441	-5.3241	-26.1906	-7.0304	-27.8196	-8.5791	*	*	*	*	*	*	*	*	*	*	-37.1496	-18.0874	-37.8119	-20.3815	-38.5935	-22.5132	-39.2342	-24.6878
pl04	1.1097	26/05/2017 17:59:37	Mowie pugu teraz	u	*	*	*	*	*	*	*	*	*	*	*	*	24.7576	-5.5849	23.0135	-4.5805	21.2258	-3.5721	19.4774	-1.9221	17.6259	-0.323	15.6242	0.4917	13.5749	1.2995	11.4745	1.8872	9.3117	3.0217	7.0168	4.8006	4.5264	7.1261	1.8711	9.3351	-0.8837	11.0868	-3.6167	12.0066	-6.3103	12.3506	-8.9983	12.4268	-11.6021	12.0627	-14.0319	11.1304	-16.3038	9.8174	-18.4122	8.2012	-20.0205	5.6634	-21.528	3.1692	-22.9137	0.6716	-24.354	-1.5474	-26.1947	-3.0379	*	*	*	*	*	*	*	*	*	*	*	*	-35.7527	-16.3615	-36.1472	-18.9247	-36.2789	-21.574	-36.8403	-23.7814	-37.3974	-25.9213
pl04	0.9903	26/05/2017 17:59:40	Mowie poko teraz	O	*	*	*	*	*	*	*	*	*	*	25.7358	-9.1529	24.1338	-8.1268	22.5943	-6.5885	20.9889	-4.9442	19.2749	-3.4006	17.4412	-2.1413	15.4868	-1.5755	13.4974	-1.1601	11.4839	-0.8977	9.4441	-0.4405	7.3324	0.4904	5.0754	2.0605	2.7116	3.49	0.0887	5.6716	-2.6878	7.7022	-5.3855	8.689	-8.1046	9.3448	-10.8004	9.6198	-13.1734	8.7929	-15.4653	7.759	-17.5118	6.1942	-19.1811	3.9544	-20.6327	1.4962	-21.7716	-1.2945	-22.9369	-3.802	-24.2806	-5.8599	-25.6792	-7.7305	*	*	*	*	*	*	*	*	*	*	*	*	-35.3856	-19.5609	-35.6947	-22.0284	-36.1535	-24.2781	-36.2711	-26.6776
pl04	1.0234	26/05/2017 17:59:43	Mowie putu teraz	u	*	*	*	*	*	*	30.4967	-6.5516	28.6801	-5.8697	26.8949	-5.0526	25.1177	-4.1172	23.2963	-3.2256	21.4105	-2.5017	19.4634	-2.0243	17.4849	-1.7112	15.4922	-1.495	13.4984	-1.127	11.4834	-0.762	9.3778	1.2935	7.2575	1.5122	4.9471	3.244	2.1107	7.6688	-0.8001	10.621	-3.6295	12.0661	-6.473	12.995	-9.1962	13.1091	-11.7874	12.6271	-14.1622	11.485	-16.4907	10.2763	-18.505	8.408	-20.459	6.5562	-21.8396	3.7513	-23.1791	1.1284	-24.2098	-1.7769	-25.9921	-3.3366	*	*	*	*	*	*	*	*	*	*	*	*	*	*	-33.9545	-20.7564	-33.7581	-23.5347	-33.7986	-25.9815	-34.5368	-27.8422
pl04	1.1306	26/05/2017 17:59:46	Mowie podo teraz	O	*	*	*	*	*	*	*	*	28.3989	-6.7467	26.7553	-5.5464	25.0539	-4.3774	23.2811	-3.2986	21.389	-2.6262	19.4126	-2.3953	17.4276	-2.275	15.452	-2.0994	13.4756	-1.8525	11.4848	-1.1694	9.4179	0.245	7.2193	2.0339	4.8848	3.8193	2.4082	5.5996	-0.2446	7.5276	-2.9586	8.957	-5.6954	9.9158	-8.4528	10.5455	-10.9038	9.9349	-13.1929	8.846	-15.3815	7.5533	-17.4529	6.0628	-19.0281	3.643	-20.4038	1.0685	-21.6123	-1.5687	-22.7514	-4.0972	-24.1562	-6.0433	-25.6402	-7.784	*	*	*	*	*	*	*	*	*	*	-34.747	-17.2629	-35.3925	-19.5552	-35.4931	-22.1852	-35.6349	-24.6533	-36.1998	-26.7254
pl04	1.1463	26/05/2017 17:59:49	Mowie pata teraz	a	*	*	*	*	*	*	*	*	29.1838	-4.2993	27.2872	-3.6649	25.3548	-3.1512	23.4048	-2.7061	21.4262	-2.411	19.4386	-2.205	17.4575	-1.9806	15.4794	-1.6875	13.4959	-1.2071	11.4823	-0.4229	9.4065	0.5427	7.2349	1.8213	4.9601	3.1241	2.5948	4.302	0.0967	5.6268	-2.4459	6.5811	-5.0007	7.1656	-7.5734	7.5132	-10.0134	7.2217	-12.34	6.5236	-14.5415	5.4913	-16.5439	4.0365	-18.1307	1.8159	-19.4882	-0.6422	-20.7691	-3.0202	-22.0311	-5.2433	-23.5262	-6.9723	-25.1951	-8.3933	-26.8747	-9.7824	*	*	*	*	*	*	*	*	*	*	-35.7499	-19.2566	-36.3796	-21.4956	-37.0305	-23.6438	-37.6942	-25.7219
pl04	1.1433	26/05/2017 17:59:52	Mowie pogo teraz	O	*	*	*	*	*	*	*	*	*	*	26.0236	-8.1349	24.4805	-6.714	22.8863	-5.1897	21.241	-3.4838	19.4008	-2.4814	17.4723	-1.8356	15.5122	-1.1941	13.5084	-0.8115	11.4817	-0.2608	9.4045	0.5957	7.2398	1.7547	4.944	3.2729	2.5458	4.6426	0.0224	6.0409	-2.6038	7.3128	-5.2479	8.1441	-7.9504	8.8133	-10.5147	8.7492	-12.898	8.0429	-15.1565	7.0011	-17.0665	5.2013	-18.666	2.9057	-19.9767	0.2705	-21.1263	-2.4053	-22.2955	-4.8226	-23.6019	-6.8605	-25.1229	-8.4921	-26.6408	-10.0803	*	*	*	*	*	*	*	*	*	*	*	*	-36.1366	-21.6847	-36.9206	-23.7233	-37.7315	-25.6969
pl04	1.0804	26/05/2017 17:59:55	Mowie puku teraz	u	*	*	*	*	*	*	*	*	*	*	*	*	*	*	*	*	21.6997	-0.8268	19.7163	-0.1768	17.7034	0.4408	15.6492	0.8673	13.5766	1.3537	11.4752	1.6938	9.309	3.0938	7.1107	3.5174	4.5258	7.1322	1.5949	11.2561	-1.1769	12.7195	-3.8717	13.1886	-6.6512	13.7006	-9.3406	13.6071	-11.9664	13.1725	-14.2219	11.6478	-16.4337	10.1364	-18.3296	8.0172	-20.2853	6.2027	-22.265	4.5462	-23.9258	2.4139	-25.7544	0.6807	-27.674	-0.8569	*	*	*	*	*	*	*	*	*	*	*	*	-35.3109	-16.7575	-35.2399	-19.6826	-35.3019	-22.3339	-36.0755	-24.3346	-37.3632	-25.9442
pl04	1.1186	26/05/2017 17:59:59	Mowie pada teraz	a	*	*	*	*	*	*	*	*	28.9225	-5.114	27.1019	-4.3204	25.2434	-3.6051	23.3327	-3.0514	21.3811	-2.672	19.4004	-2.484	17.4278	-2.2729	15.459	-1.9949	13.4799	-1.7139	11.485	-1.2297	9.4399	-0.3287	7.2953	0.9964	5.054	2.2581	2.6651	3.8128	0.202	5.0404	-2.2858	5.8389	-4.8411	6.5333	-7.3143	6.6197	-9.7047	6.281	-11.9866	5.5612	-14.1676	4.5734	-16.162	3.1851	-17.908	1.3623	-19.4305	-0.75	-20.6601	-3.2078	-21.902	-5.4486	-23.2745	-7.3433	-24.7098	-9.0577	-26.4241	-10.3562	*	*	*	*	*	*	*	*	*	*	-35.7873	-19.2254	-36.8595	-21.1223	-37.9272	-22.9952	-38.8608	-24.9385
pl04	1.1089	26/05/2017 18:00:02	Mowie paka teraz	a	*	*	*	*	*	*	*	*	*	*	26.4054	-6.7843	24.8045	-5.3935	23.1238	-4.052	21.3746	-2.7097	19.4737	-1.9492	17.506	-1.503	15.5258	-0.9892	13.5159	-0.5728	11.481	-0.0474	9.3885	1.015	7.1952	2.3637	4.8522	4.1198	2.3908	5.7207	-0.1268	6.8717	-2.6782	7.6577	-5.1668	7.8232	-7.6363	7.73	-9.9922	7.157	-12.2402	6.2517	-14.401	5.1463	-16.4024	3.7211	-18.287	2.1341	-19.7078	-0.2319	-20.978	-2.6605	-22.3011	-4.8137	-23.6204	-6.8333	-25.2874	-8.2669	-27.0289	-9.5861	*	*	*	*	*	*	*	*	*	*	*	*	-35.9282	-21.8468	-36.4332	-24.0758	-36.5574	-26.4853
pl04	1.0001	26/05/2017 18:00:05	Mowie pudu teraz	u	*	*	*	*	*	*	*	*	*	*	26.7563	-5.543	25.0796	-4.2727	23.3387	-3.0227	21.5025	-1.9689	19.5543	-1.3603	17.5581	-0.9903	15.5503	-0.6201	13.5222	-0.3725	11.4813	-0.118	9.3923	0.9141	7.1972	2.3362	4.8877	3.7924	2.4633	5.2166	-0.0389	6.3823	-2.4996	6.8299	-5.0684	7.4333	-8.0147	9.0349	-10.9816	10.1719	-13.9476	10.9007	-16.7349	10.8758	-18.9445	9.3879	-20.9061	7.4666	-22.7629	5.4766	-24.6114	3.594	-26.5006	1.868	*	*	*	*	*	*	*	*	*	*	*	*	*	*	-35.6718	-16.4341	-35.0854	-19.8117	-34.5974	-22.8819	-35.211	-24.9599	-36.2579	-26.6864
pl04	1.1503	26/05/2017 18:00:08	Mowie paga teraz	a	-2.7485	-2.0483	-2.6962	-1.8975	-2.6288	-1.7544	-2.5597	-1.6096	*	*	*	*	*	*	*	*	*	*	-1.9202	-0.9124	-1.8133	-0.7897	-1.7068	-0.6621	-1.6109	-0.5115	-1.5209	-0.3403	-1.4216	-0.171	-1.3181	0.0056	-1.1978	0.1643	-1.0533	0.2811	-0.8984	0.3803	-0.7328	0.4559	-0.5586	0.5068	-0.38	0.5405	-0.1974	0.5523	-0.0118	0.5361	0.1773	0.4718	0.3619	0.3909	0.5411	0.2876	0.7124	0.18	0.8756	0.1053	1.034	0.0429	1.1891	-0.0075	1.3419	-0.0538	1.4927	-0.0988	1.6388	-0.1609	1.7748	-0.259	1.9037	-0.366	2.0274	-0.4727	2.1491	-0.5702	*	*	*	*	*	*	*	*
